Temperature,pH,EC,Salinity,DO,SS,Phosphates - phosphorus,Total ammonia,Nitrate - nitrogen,Total coliforms,Au,Zn,Criteria
26.9,8.15,48.1,30.1,6.8,4.9,4.27,100.0,8.14,33.0,0.85,3.57,Good
27.0,8.14,48.2,30.0,6.97,2.6,2.36,61.0,3.2,1.76,0.0,5.12,Good
26.9,8.15,48.1,30.1,6.8,2.6,2.65,97.0,1.7,2.0,0.3,2.78,Good
26.8,8.08,48.8,30.6,7.43,1.5,2.36,113.0,4.8,4.5,0.21,4.37,Good
26.75,8.1,47.7,29.9,6.29,11.1,3.39,114.0,6.9,2.0,0.7,6.1,Good
28.1,7.6,49.9,30.5,7.03,15.1,3.83,164.0,4.4,2.0,0.07,3.43,Good
27.6,7.8,48.8,30.3,6.43,9.6,2.06,105.0,3.7,1.37,0.18,2.65,Good
26.45,7.52,47.02,29.6,6.49,6.6,5.15,106.0,4.7,4.5,0.05,1.14,Good
26.5,7.76,48.2,30.4,6.7,30.2,6.33,109.0,13.0,17.0,0.8,4.98,Good
30.2,8.26,50.3,29.1,5.85,16.6,5.6,102.0,1.1,79.0,0.0,3.76,Good
28.67,8.04,50.0,30.3,6.64,28.0,0.43,115.0,5.6,1.8,0.0,6.76,Good
28.57,7.97,49.73,30.1,6.76,2.8,0.95,84.0,2.2,1.53,0.0,7.16,Good
27.9,8.03,48.97,30.0,6.51,5.2,2.5,127.0,5.0,2.0,0.0,7.16,Good
29.6,7.88,51.0,30.3,6.52,2.9,21.0,135.0,2.7,1.76,0.0,2.8,Good
28.7,8.06,50.25,30.4,6.83,11.8,3.09,146.0,3.5,1.74,0.05,3.28,Good
28.7,7.93,49.9,30.2,6.05,6.6,16.6,166.0,6.4,3.7,0.0,2.75,Good
29.4,7.82,50.1,29.9,6.55,2.9,4.12,260.0,8.1,3.6,0.0,5.86,Good
29.25,7.93,50.45,30.2,6.94,2.4,3.83,249.0,2.3,0.98,0.0,2.75,Good
29.63,7.84,50.23,29.8,6.47,4.1,3.83,250.0,4.7,1.34,0.6,5.07,Good
29.2,7.95,50.2,30.1,6.72,10.7,13.1,273.0,10.6,1.57,0.9,7.15,Good
30.5,7.92,51.7,30.2,6.52,3.4,1.18,120.0,5.9,1.7,0.06,4.61,Good
30.1,7.79,51.2,30.2,6.97,3.5,2.8,123.0,5.7,1.65,0.48,3.87,Good
28.9,8.46,50.4,30.3,6.02,1.8,3.39,219.0,8.3,1300.0,0.6,7.27,Normal
28.8,8.0,50.17,30.3,6.51,3.6,1.62,133.0,7.3,220.0,0.0,6.65,Good
29.4,8.64,50.7,30.3,6.23,2.0,2.36,131.0,8.6,1.5,1.1,4.01,Good
29.7,8.13,51.0,30.3,6.55,2.2,0.05,185.0,8.7,1.22,0.5,6.78,Good
29.05,8.07,50.5,30.3,5.6,2.2,0.73,242.0,6.6,1.67,0.0,6.41,Normal
30.3,8.13,51.1,30.3,6.29,1.3,1.03,220.0,8.3,1.2,0.0,4.82,Good
28.77,8.1,50.5,30.3,5.59,1.0,2.8,210.0,6.4,1.56,0.47,5.9,Normal
30.2,8.36,51.3,30.3,6.11,2.7,3.09,137.0,5.1,1.26,0.0,3.69,Good
29.33,8.16,50.63,30.23,6.27,2.5,1.62,106.0,7.6,0.81,0.3,8.08,Good
28.87,7.97,50.3,30.33,6.58,2.1,1.33,194.0,5.0,1.75,0.0,3.22,Good
28.7,7.92,50.1,30.3,6.09,3.2,10.6,136.0,6.9,4.0,0.03,5.21,Good
30.05,7.71,51.6,30.45,6.69,8.7,11.5,170.0,3.1,170.0,0.49,6.73,Good
30.9,7.89,52.8,30.7,7.53,16.1,49.5,156.0,1.3,1.59,0.0,4.33,Good
29.1,7.89,49.0,29.3,6.52,28.9,134.0,197.0,32.0,330.0,0.03,3.61,Normal
27.9,7.25,48.1,29.5,7.4,2.1,1.33,133.0,10.1,1.59,-0.0,4.77,Good
28.0,7.59,48.3,29.5,6.71,2.7,19.0,166.0,14.4,330.0,0.0,3.69,Good
27.3,7.63,48.65,30.2,6.2,9.5,22.4,246.0,5.3,17000.0,0.4,2.69,Normal
27.35,7.81,48.7,30.2,6.32,1.3,0.09,138.0,8.7,2200.0,0.0,4.2,Normal
28.4,7.14,49.63,30.2,4.93,2.2,2.36,151.0,7.2,70.0,0.07,2.83,Normal
28.1,7.56,49.4,30.2,4.2,5.1,5.45,211.0,5.2,160000.93,0.8,3.35,Normal
28.4,7.55,50.1,30.5,5.92,3.2,8.39,106.0,5.0,46.0,0.5,2.22,Good
28.2,8.02,49.55,30.2,6.49,2.6,5.6,122.0,5.6,23.0,0.6,2.84,Good
27.9,8.09,49.3,30.1,6.44,40.2,52.0,318.0,13.7,160000.47,1.2,5.58,Normal
27.8,8.07,49.0,30.2,7.15,6.6,22.6,228.0,8.8,4.5,0.7,3.74,Good
29.4,7.66,50.6,30.1,6.35,5.0,8.3,155.0,7.4,0.92,0.8,5.46,Good
28.4,7.93,49.7,30.3,6.42,11.4,4.71,93.0,5.0,2.0,0.7,3.85,Good
28.43,7.84,49.63,30.17,7.19,7.2,7.4,103.0,6.2,1.47,0.7,5.82,Good
29.87,7.83,49.87,28.97,5.68,10.8,11.2,111.0,27.3,70.0,1.2,6.06,Good
28.3,8.1,49.6,30.2,6.8,6.5,32.1,216.0,21.0,330.0,0.5,5.14,Normal
28.43,7.88,49.57,30.1,6.43,2.7,1.62,109.0,1.5,110.0,0.7,4.39,Good
28.9,7.56,50.0,30.1,6.02,2.4,1.62,97.0,2.8,49.0,0.6,3.54,Good
29.2,7.71,50.3,30.2,6.68,2.0,4.57,94.0,2.0,49.0,0.0,3.3,Good
29.0,7.54,50.1,30.2,6.62,9.3,18.4,166.0,24.8,490.0,1.1,4.26,Normal
29.7,7.38,50.7,30.1,6.65,6.8,5.1,225.0,10.0,33.0,0.6,3.66,Good
28.4,7.81,50.2,30.5,6.95,5.0,2.64,220.0,4.1,11.0,0.5,5.08,Good
28.85,7.94,50.1,30.15,6.42,19.7,92.5,362.0,15.1,330.0,0.8,4.44,Normal
28.5,8.04,49.6,30.0,5.71,8.9,48.0,358.0,3.2,6.8,0.5,3.78,Normal
28.4,8.03,49.77,30.27,6.47,32.6,34.5,347.0,31.7,33.0,0.95,5.69,Normal
30.2,7.78,50.7,29.8,8.55,36.2,34.9,371.0,25.2,790.0,0.98,4.61,Normal
27.63,7.32,46.92,28.8,6.37,38.2,43.1,228.0,34.3,330.0,1.43,9.24,Normal
27.8,7.07,44.37,27.0,4.73,28.9,157.0,122.0,886.0,330.0,1.79,10.8,Bad
27.7,6.87,41.66,25.2,4.65,54.1,108.0,49.0,166.0,240.0,1.6,9.37,Bad
27.8,7.04,36.54,21.77,5.19,84.3,179.0,34.0,88.0,2400.0,2.07,11.1,Bad
26.8,7.59,52.04,31.03,5.31,18.9,69.5,176.0,20.5,2.0,0.0,3.96,Normal
28.2,7.46,39.25,23.3,1.69,23.6,173.0,892.0,9.1,2400.0,0.9,7.54,Very Bad
26.6,7.02,38.0,24.0,5.12,47.0,46.1,96.0,25.1,330.0,0.8,6.97,Normal
26.4,7.06,38.1,24.2,5.24,37.2,28.1,101.0,37.6,1100.0,0.6,4.99,Normal
27.1,7.14,38.2,24.2,5.69,24.6,64.0,126.0,30.5,17.0,0.6,4.13,Normal
26.9,7.19,36.5,23.0,6.02,19.0,87.5,137.0,38.2,49.0,0.7,3.31,Normal
27.2,7.1,37.0,23.6,6.06,19.8,68.6,125.0,27.3,4.5,0.7,4.4,Normal
26.4,7.07,44.5,28.6,6.08,17.3,17.9,137.0,7.6,0.96,0.0,4.97,Normal
27.0,7.13,44.5,28.7,5.95,19.0,18.4,118.0,5.2,1.8,0.6,3.33,Good
27.0,7.09,45.0,29.1,5.64,18.2,21.9,119.0,2.6,2.0,0.0,2.14,Normal
27.2,7.09,43.5,28.0,6.95,25.5,20.9,120.0,16.7,13000.0,0.7,3.72,Normal
27.5,7.24,45.1,29.2,6.9,14.4,16.5,130.0,10.6,33.0,0.21,1.81,Good
28.8,7.14,43.5,28.0,6.74,12.8,12.6,89.0,7.3,11.0,0.41,6.25,Good
28.2,7.16,44.9,29.1,6.18,9.0,11.9,132.0,5.7,1.56,0.0,3.25,Good
29.4,7.21,43.7,28.2,6.63,11.1,14.9,77.0,7.6,11.0,0.6,3.99,Good
25.0,7.38,44.8,29.0,7.13,7.4,12.5,101.0,4.1,330.0,0.39,4.41,Normal
28.5,7.28,44.6,28.8,6.27,3.7,20.9,218.0,4.8,3300.0,0.0,6.78,Normal
31.4,7.16,43.2,28.1,6.05,4.5,17.4,105.0,3.1,330.0,0.18,3.72,Normal
29.3,7.38,42.2,30.0,6.71,5.6,15.0,164.0,3.3,1.62,0.25,4.12,Good
29.5,7.25,45.5,29.4,6.67,4.6,14.5,177.0,3.4,790.0,0.7,5.11,Normal
26.9,7.24,47.3,30.8,6.45,2.8,8.04,152.0,2.2,1.53,0.07,2.82,Good
28.8,7.11,46.4,30.2,6.6,15.6,10.3,106.0,3.0,2.0,0.0,3.0,Good
29.1,7.06,45.8,29.7,6.65,10.6,8.04,92.0,2.5,2.0,0.33,2.89,Good
26.0,7.26,44.4,28.6,6.78,48.2,14.5,77.0,17.6,1.8,0.6,6.18,Good
26.8,7.06,48.3,31.5,7.02,60.4,8.7,77.0,13.5,2.0,0.7,5.27,Good
23.6,7.32,45.2,29.2,7.27,26.9,14.7,3.0,25.0,1100.0,1.1,5.32,Normal
23.6,7.29,49.0,31.9,7.33,46.3,9.62,12.0,14.6,940.0,0.9,7.56,Normal
24.6,7.21,47.3,30.7,7.19,85.6,16.9,70.0,24.8,3300.0,1.5,9.34,Normal
24.5,7.27,41.4,26.5,7.25,23.6,45.5,482.0,71.5,160000.84,1.3,17.4,Bad
21.8,7.52,48.0,31.1,7.73,12.2,5.27,62.0,24.6,790.0,0.42,6.64,Normal
30.1,7.27,47.2,30.7,6.22,7.6,23.6,117.0,15.4,130.0,0.6,8.54,Good
26.4,7.11,48.3,31.4,7.11,4.8,1.84,90.0,4.7,4.5,0.0,3.45,Good
25.4,7.11,49.1,32.0,7.08,8.7,5.9,130.0,4.3,130.0,0.7,4.66,Good
25.5,7.18,48.4,31.6,7.07,1.2,6.85,106.0,4.5,1.71,0.9,2.97,Good
25.3,7.2,49.2,32.0,7.35,11.1,8.7,152.0,11.5,790.0,0.0,3.89,Normal
22.6,7.39,49.5,32.4,7.61,2.0,5.53,123.0,4.7,33.0,0.23,3.22,Normal
29.15,6.78,46.63,27.8,5.28,3.8,2.64,85.0,6.9,1.04,1.0,4.01,Normal
29.9,7.36,47.9,28.1,4.91,3.4,5.14,107.0,1.6,1.35,0.6,3.65,Good
29.8,7.84,47.51,27.9,4.73,2.7,1.98,112.0,2.6,1.1,0.6,3.13,Good
29.8,7.98,46.55,27.25,5.03,2.4,2.5,40.0,4.4,0.89,0.6,3.8,Good
30.2,7.07,46.65,27.1,6.65,5.0,6.59,50.0,4.5,130.0,0.8,6.7,Good
29.9,6.81,47.5,27.8,4.85,2.4,5.3,99.0,3.8,46.0,0.5,9.44,Normal
29.8,8.0,45.32,27.1,4.66,14.3,6.77,92.0,3.0,1.78,0.7,7.21,Normal
29.2,7.64,45.15,26.65,5.92,8.2,6.33,106.0,1.2,4.5,0.72,6.06,Good
30.0,8.05,34.07,19.2,6.78,11.0,4.7,109.0,4.1,17.0,0.9,11.8,Good
28.45,7.92,33.54,19.55,6.54,5.5,14.4,114.0,1.4,1.34,0.39,4.42,Good
28.0,8.06,23.76,13.5,7.85,23.2,10.8,88.0,5.9,4.5,1.2,7.47,Good
27.9,7.95,23.8,13.55,7.81,22.9,14.3,107.0,3.9,7.8,0.6,5.82,Good
27.2,7.76,30.0,17.55,5.34,16.3,23.2,121.0,4.5,130.0,0.6,6.32,Normal
28.55,8.07,35.71,20.9,5.11,7.6,16.8,110.0,1.3,11.0,0.33,7.61,Good
28.15,7.56,36.2,21.3,4.79,9.4,7.4,129.0,5.0,0.93,0.5,6.23,Normal
28.3,7.98,46.32,27.8,6.89,6.3,8.04,1.81,3.5,17.0,0.7,6.44,Very Good
27.5,7.16,43.54,26.6,4.36,8.8,15.8,45.0,4.1,700.0,0.7,3.1,Normal
28.55,7.19,45.65,27.4,5.28,3.1,2.11,112.0,3.9,2400.0,0.07,6.08,Normal
29.2,7.74,42.88,25.2,5.7,3.2,16.9,186.0,20.5,330.0,0.28,5.17,Normal
29.9,7.77,45.41,26.2,5.75,0.6,1.98,70.0,5.7,4.0,0.5,4.26,Good
30.0,7.85,46.5,27.1,5.52,2.1,3.03,114.0,33.3,1.68,0.0,6.42,Good
29.3,8.03,46.3,27.4,7.56,0.14,1.05,95.0,4.8,7.8,0.6,4.84,Very Good
29.27,8.0,45.59,27.1,6.77,1.2,1.05,237.0,6.2,1.47,1.1,11.8,Good
31.1,7.99,45.04,25.7,6.0,8.1,12.9,160.0,3.5,490.0,0.6,4.8,Normal
29.4,7.92,45.43,26.7,5.78,3.1,1.05,122.0,5.8,4.5,0.6,5.48,Good
27.83,8.07,46.78,28.53,5.46,2.4,2.36,96.0,3.9,130.0,0.0,5.45,Good
27.0,7.4,45.24,28.1,4.86,6.3,3.83,109.0,6.1,130.0,0.37,4.08,Normal
27.6,7.54,45.27,27.7,6.12,32.3,1.77,119.0,6.5,17.0,0.6,8.13,Good
28.0,8.12,46.8,28.5,6.57,6.9,2.8,110.0,29.8,2.0,0.13,10.9,Good
28.47,8.13,46.99,28.3,5.78,4.2,2.06,76.0,9.6,1.54,0.0,5.68,Good
27.47,8.23,45.86,28.13,5.4,1.9,0.78,114.0,3.2,1.47,0.0,5.0,Good
27.4,7.88,46.27,28.43,6.22,1.9,0.54,109.0,5.6,1.29,0.0,6.43,Good
28.35,7.81,43.41,25.85,4.68,6.9,7.38,117.0,3.3,33.0,0.7,4.7,Normal
28.1,7.82,44.21,26.7,4.4,8.8,5.14,90.0,1.4,170.0,0.7,7.26,Normal
28.5,7.71,41.12,24.7,4.52,8.9,19.6,98.0,79.9,6.1,0.5,7.04,Normal
28.15,7.19,43.58,26.15,6.04,7.5,18.8,192.0,20.3,790.0,0.8,4.79,Normal
27.65,5.81,6.65,4.15,4.21,56.0,32.1,142.0,20.1,1300.0,0.0,4.91,Bad
28.2,7.16,38.76,23.2,5.23,24.5,10.7,114.0,48.4,11.0,0.8,12.9,Normal
28.6,7.81,42.9,27.8,7.71,206.0,3.29,180.0,24.1,330.0,1.3,10.3,Normal
29.8,7.89,39.7,25.7,7.6,100.0,5.4,148.0,6.3,13.0,0.9,12.8,Normal
28.3,8.08,36.3,23.1,7.47,4.0,6.85,173.0,21.3,490.0,0.6,9.73,Normal
28.7,8.08,36.6,23.3,7.66,13.0,4.08,212.0,30.8,1100.0,0.5,3.37,Normal
27.8,8.03,43.9,28.6,7.6,40.3,2.64,107.0,8.7,49.0,0.7,8.05,Good
27.9,8.14,42.6,27.4,7.41,23.4,3.16,101.0,3.9,9.3,0.5,3.65,Good
27.8,7.93,39.3,25.1,6.05,9.7,51.9,413.0,90.3,490.0,0.6,3.94,Normal
30.3,8.1,45.4,29.4,6.1,10.6,4.48,84.0,1.5,0.94,0.5,4.63,Good
30.6,7.97,46.6,30.3,6.23,3.9,1.32,107.0,1.8,1.74,0.36,2.82,Good
29.5,8.05,45.1,29.2,6.11,5.7,2.11,108.0,4.0,1.4,0.37,3.95,Good
29.2,8.08,43.8,28.3,6.37,4.5,1.32,93.0,4.4,240.0,0.0,3.04,Good
29.8,8.1,46.4,30.1,6.61,6.6,1.19,103.0,4.1,14.0,0.0,3.43,Good
30.9,7.99,45.0,29.2,6.37,15.3,2.5,61.0,9.3,1.41,0.57,2.91,Good
30.7,7.95,44.0,28.4,6.17,5.4,2.64,122.0,9.3,49.0,0.28,3.57,Good
30.3,7.8,43.4,27.9,6.31,5.1,1.19,93.0,5.8,6.8,0.02,4.13,Good
29.6,8.04,44.5,28.8,5.98,3.8,1.05,106.0,3.4,330.0,0.8,3.69,Good
27.3,8.13,44.7,28.8,6.3,11.0,1.84,118.0,11.3,49.0,0.24,2.64,Good
27.5,8.25,45.9,29.7,6.32,3.0,1.58,75.0,3.2,1.28,0.0,4.23,Good
28.2,7.77,44.7,28.95,6.24,3.9,3.68,118.0,10.7,2.0,0.0,4.18,Good
28.1,7.98,45.18,29.22,6.05,6.5,6.19,141.0,7.8,1.32,0.15,2.41,Good
27.0,8.23,45.04,29.04,6.0,7.0,3.1,166.0,9.7,1300.0,0.27,6.61,Normal
28.68,8.07,45.22,29.2,6.55,2.4,6.19,124.0,18.8,2.0,0.0,2.82,Good
27.0,7.89,45.19,29.24,6.41,8.7,7.36,154.0,4.1,49.0,0.0,3.51,Good
30.15,7.94,44.61,28.28,6.12,3.7,4.71,203.0,10.8,1.2,0.21,4.74,Good
30.73,7.95,44.65,28.9,5.94,7.3,8.98,125.0,5.0,4.0,0.0,5.62,Good
30.5,8.03,45.14,29.26,6.24,8.1,6.63,161.0,1.6,17.0,0.0,4.92,Good
27.99,8.13,47.57,30.86,6.37,2.6,2.36,119.0,1.6,1.61,0.34,4.52,Good
27.68,8.11,44.67,28.85,6.36,1.8,8.1,122.0,45.1,170.0,0.0,4.33,Good
27.9,8.18,45.15,29.23,6.18,1.0,5.15,116.0,6.4,9.2,0.0,4.31,Good
27.25,8.09,44.73,28.87,6.35,1.7,2.95,95.0,2.9,7.8,0.44,3.26,Good
27.3,8.05,44.13,28.48,6.36,0.2,3.09,64.0,36.8,1.04,0.0,2.47,Good
29.9,8.14,44.36,28.63,6.41,3.0,4.12,167.0,7.5,2.0,0.23,3.03,Good
29.9,7.9,43.53,28.05,6.63,6.3,8.39,168.0,14.9,11.0,0.8,6.79,Good
29.7,8.08,44.6,28.82,6.4,3.0,3.39,125.0,1.5,1.14,0.0,3.56,Good
30.6,8.22,44.48,28.68,6.58,34.8,5.01,144.0,2.8,1.65,0.6,4.59,Good
30.4,8.17,45.1,29.0,6.18,16.7,1.05,86.0,3.9,1.13,0.6,3.63,Good
31.3,8.21,45.9,29.9,6.71,7.5,1.19,86.0,3.4,1.26,0.5,4.21,Good
29.43,8.05,46.15,29.98,6.23,16.2,1.71,83.0,3.7,1.68,0.5,3.86,Good
27.6,8.02,45.7,29.6,5.48,13.0,5.93,67.0,1.5,4.5,0.26,1.86,Good
28.3,8.04,45.6,29.5,5.83,3.3,3.56,86.0,3.5,130.0,0.64,3.09,Good
28.38,8.1,44.58,28.7,6.39,23.5,1.19,115.0,3.7,1.11,0.51,5.12,Good
27.9,8.14,43.97,28.75,6.45,9.8,2.37,168.0,9.6,790.0,0.72,2.74,Normal
27.6,8.06,44.4,28.6,5.83,2.1,2.64,91.0,4.8,7.8,0.29,2.0,Good
26.8,8.19,46.1,30.0,6.27,0.21,2.24,89.0,2.7,130.0,0.08,2.61,Good
28.1,8.14,45.1,29.2,6.38,1.6,1.98,86.0,3.8,4.0,0.0,1.28,Good
28.2,8.12,46.6,30.3,6.24,0.1,3.03,86.2,4.6,7.8,0.0,1.9,Good
28.8,8.12,46.1,29.8,5.91,1.2,1.19,101.0,4.7,0.82,0.24,4.02,Good
27.45,8.13,44.72,28.83,6.08,3.0,2.37,88.6,1.5,70.0,1.02,5.09,Good
26.8,8.16,44.94,29.04,6.14,3.6,0.26,87.2,1.3,49.0,0.0,4.43,Good
27.89,8.04,43.81,28.23,5.46,1.5,4.87,81.8,3.6,79.0,0.0,1.56,Good
28.2,8.09,45.9,29.8,5.94,1.2,2.37,82.7,4.0,33.0,0.28,3.68,Good
28.8,8.04,45.19,29.17,5.88,4.0,2.37,103.0,3.6,46.0,0.68,5.21,Good
27.9,7.93,41.0,28.97,5.48,2.0,3.03,162.0,10.2,1700.0,5.63,4.72,Normal
27.7,8.16,45.4,29.4,6.36,1.6,21.0,90.6,1.5,33.0,0.56,4.0,Good
27.13,8.14,46.09,29.92,5.92,2.2,1.05,85.9,13.2,17.0,1.02,3.2,Good
28.2,8.14,44.7,28.9,6.33,1.3,1.05,114.0,1.6,11.0,0.28,4.1,Good
28.0,8.16,42.7,28.3,6.39,9.5,1.71,98.6,5.8,110.0,0.26,2.47,Good
28.3,7.92,46.7,30.3,5.11,12.2,4.61,91.0,3.9,330.0,0.58,2.78,Normal
27.6,8.19,43.2,27.6,6.31,4.2,2.5,88.0,4.0,1.15,0.19,4.03,Good
27.5,8.17,44.7,28.9,6.44,2.5,2.37,90.4,7.2,49.0,0.0,2.12,Good
27.4,8.09,46.5,30.2,5.65,250.0,5.4,107.0,3.9,92000.0,0.96,7.16,Bad
27.6,8.01,46.5,30.2,6.01,9.7,4.61,110.0,5.0,1.0,0.0,2.13,Good
27.0,7.73,44.9,29.1,5.37,19.1,5.27,116.0,5.9,33.0,0.72,3.24,Normal
26.6,8.19,44.0,28.3,6.07,21.6,1.58,94.0,2.2,0.83,0.0,2.28,Good
27.0,8.11,44.8,29.0,6.3,2.8,1.19,83.3,2.0,1.22,0.32,2.15,Good
27.4,8.15,44.8,29.0,6.19,6.0,2.11,109.0,1.3,0.92,0.0,2.99,Good
27.0,8.06,43.7,28.2,5.87,45.8,2.77,83.0,5.3,490.0,0.75,4.29,Normal
28.6,8.03,48.3,31.7,7.14,16.2,2.64,106.0,72.3,1.3,0.0,7.94,Good
28.4,7.91,42.9,27.8,7.07,6.8,3.03,70.0,10.5,160000.2,0.6,8.26,Normal
27.2,7.88,50.6,33.3,6.25,34.2,4.22,140.0,10.1,4.5,0.5,5.14,Good
28.5,7.48,42.8,27.8,6.32,2.3,1.19,89.0,4.5,11.0,0.6,6.2,Good
31.1,7.23,51.2,29.6,6.11,2.4,1.91,103.0,19.0,330.0,0.6,3.58,Normal
31.1,7.33,48.3,27.7,5.57,10.3,2.64,121.0,13.9,5.6,0.1,9.35,Good
31.7,7.3,50.5,28.8,5.57,8.7,1.47,114.0,34.2,21.0,0.3,5.81,Normal
31.9,7.32,51.1,29.0,5.73,25.9,3.89,128.0,21.9,790.0,0.0,4.67,Normal
30.35,7.37,50.24,29.4,5.12,36.7,2.5,125.0,6.1,330.0,0.8,5.35,Normal
29.8,7.32,45.8,26.8,4.95,19.6,7.49,168.0,27.8,490.0,0.0,3.46,Normal
30.0,7.39,45.9,26.75,5.14,3.9,5.14,132.0,4.9,5.5,0.0,4.64,Good
29.3,6.22,1.79,0.8,4.89,36.5,13.4,106.0,102.0,790.0,0.9,4.49,Normal
25.3,7.13,44.1,25.3,5.28,15.5,4.55,131.0,19.4,1.28,0.5,3.99,Good
30.8,7.21,47.3,27.2,4.9,70.4,8.81,145.0,13.8,790.0,1.0,3.06,Normal
30.87,7.47,49.5,28.6,5.89,128.0,13.1,145.0,42.2,13.0,0.9,8.58,Normal
30.9,7.34,47.95,27.6,3.67,5.7,4.85,137.0,11.9,22.0,0.5,4.21,Good
30.67,7.25,43.84,25.1,4.76,4.4,1.32,414.0,9.1,2.0,0.48,3.77,Normal
31.1,7.38,48.76,28.0,5.74,7.5,2.5,152.0,9.1,2.0,0.0,4.42,Good
31.6,7.56,43.75,24.6,5.15,15.5,15.7,180.0,76.3,130.0,0.8,3.52,Normal
31.35,7.61,41.48,23.25,4.4,4.8,19.1,244.0,16.2,110.0,1.1,14.1,Normal
31.5,7.44,30.7,53.4,6.18,9.5,4.7,129.0,2.1,2.0,0.6,3.51,Good
32.5,7.21,53.9,30.5,6.73,3.1,11.0,135.0,8.6,240.0,0.07,2.95,Normal
30.93,7.54,52.5,30.47,5.88,4.7,4.85,135.0,6.8,0.82,0.6,2.09,Good
31.0,8.32,52.7,30.6,6.32,32.6,6.9,204.0,5.1,2400.0,0.7,5.18,Normal
31.8,7.51,53.6,30.6,5.73,1.1,1.03,124.0,1.4,1.14,0.0,1.87,Good
32.1,7.81,54.2,30.8,6.03,1.6,0.71,120.0,4.3,1.55,0.16,4.67,Good
30.9,7.68,53.4,31.1,5.61,2.5,2.06,108.0,12.0,11.0,0.0,3.64,Good
30.7,7.51,53.07,30.97,5.43,1.7,1.17,148.0,2.9,2.0,0.0,3.14,Good
31.4,7.53,53.6,30.9,5.29,1.3,1.03,111.0,1.7,1.65,0.0,3.81,Good
31.4,7.49,53.6,30.9,5.08,1.9,1.32,216.0,2.7,1.23,0.0,3.16,Good
30.85,7.55,53.15,31.0,5.16,1.3,21.0,112.0,1.8,1.67,0.0,2.97,Good
31.2,7.5,53.5,31.0,5.25,1.4,21.0,123.0,39.0,1.09,0.0,4.89,Good
30.85,7.49,53.15,30.95,5.41,1.7,21.0,101.0,2.6,0.81,0.38,3.14,Good
31.2,7.51,53.3,30.9,5.73,0.15,21.0,132.0,1.7,1.1,0.0,3.0,Good
31.03,7.42,53.03,30.73,6.02,0.17,0.61,125.0,1.2,1.47,0.0,2.76,Good
31.25,7.49,53.05,30.6,5.41,4.4,6.75,105.0,5.5,1.1,0.8,6.01,Good
31.15,7.47,52.4,30.3,5.67,4.3,6.75,116.0,5.8,7900.0,0.6,4.32,Normal
30.95,7.82,52.7,30.65,5.85,10.0,14.8,101.0,3.7,33.0,0.37,3.32,Good
30.0,7.47,49.9,29.3,5.7,38.3,20.4,134.0,6.5,49.0,0.12,4.62,Good
31.6,7.34,53.7,30.9,5.85,16.0,11.2,148.0,4.8,49.0,0.05,4.36,Good
31.6,7.43,46.5,26.3,3.3,1.9,1.03,95.0,5.7,1.58,0.48,4.81,Good
31.5,7.5,47.36,26.9,3.82,2.8,10.1,202.0,10.5,7900.0,0.0,7.01,Normal
30.6,7.43,40.5,28.5,5.14,14.0,25.8,275.0,18.5,490.0,0.5,6.62,Normal
30.3,7.29,48.5,28.25,4.88,2.3,0.75,106.0,8.7,240.0,0.57,6.56,Good
28.9,7.34,49.8,30.0,5.61,2.0,0.71,106.0,11.7,3.7,0.36,6.69,Good
29.1,7.31,50.7,30.4,5.44,27.0,3.82,428.0,6.1,1400.0,1.4,14.7,Normal
29.4,7.46,48.8,39.0,5.08,23.7,4.7,188.0,3.3,4.0,1.0,5.23,Good
30.7,7.37,50.8,29.5,4.75,23.0,5.73,194.0,20.4,22.0,0.9,8.08,Normal
30.4,7.2,51.6,30.2,5.53,193.0,36.9,317.0,17.8,130.0,4.0,14.1,Normal
30.9,7.17,52.1,30.2,5.88,20.9,81.6,972.0,28.0,92000.0,1.1,5.06,Bad
29.4,7.23,48.34,28.7,3.78,9.9,13.7,185.0,24.6,7.8,1.4,10.7,Normal
29.6,7.21,50.7,30.2,4.74,4.5,6.9,197.0,10.1,23.0,0.7,8.21,Good
30.13,7.45,51.87,30.6,5.27,5.8,5.3,178.0,6.6,33.0,0.0,7.82,Normal
30.73,7.41,52.53,30.63,5.15,38.6,25.7,465.0,6.7,4900.0,2.5,14.2,Bad
30.0,7.32,26.93,14.9,2.1,33.5,63.1,1165.0,9.9,160000.91,2.6,8.85,Bad
30.13,7.44,51.93,30.63,5.33,4.0,9.84,151.0,15.6,220.0,1.5,8.45,Normal
30.8,7.3,52.0,30.2,6.2,2.6,7.78,153.0,8.7,1.8,0.8,6.67,Good
29.9,7.39,52.0,30.8,5.29,6.8,3.67,122.0,7.7,1.63,0.39,4.02,Good
29.4,7.46,51.1,30.5,5.45,38.6,7.34,326.0,11.1,3300.0,1.5,5.28,Normal
30.4,7.29,52.8,31.1,4.84,204.0,15.0,493.0,22.0,790.0,6.9,21.0,Bad
30.6,7.36,52.6,30.9,5.63,20.0,7.78,328.0,5.8,240.0,1.0,3.93,Normal
30.6,7.28,24.67,13.3,6.35,10.8,25.8,143.0,39.3,790.0,2.0,7.42,Normal
31.0,7.3,49.5,28.5,4.38,6.0,35.4,166.0,48.3,1.3,0.6,7.69,Normal
30.73,7.39,52.8,30.87,5.35,14.4,123.0,512.0,35.0,160000.15,1.02,4.46,Very Bad
29.8,7.58,51.7,30.7,5.58,10.4,74.9,425.0,45.1,54000.0,1.39,3.57,Bad
30.35,7.02,45.04,26.0,4.78,124.0,113.0,139.0,12.9,790.0,2.13,9.41,Bad
33.0,7.07,24.05,12.3,4.5,264.0,172.0,462.0,419.0,92000.0,5.6,19.2,Very Bad
30.7,7.03,33.42,18.5,5.35,69.2,802.0,1500.0,2711.0,160000.87,7.65,63.2,Very Bad
30.0,6.96,29.38,16.33,4.42,18.7,189.0,158.0,668.0,2200.0,1.48,14.2,Bad
32.1,7.13,22.73,21.8,4.74,58.4,40.9,406.0,61.0,490.0,1.05,4.25,Normal
32.2,7.26,39.25,19.79,0.6,132.0,165.0,144.0,420.0,4900.0,4.0,21.2,Very Bad
28.2,6.75,28.0,18.2,4.72,8.7,92.5,197.0,178.0,2400.0,0.8,3.46,Bad
28.8,7.02,24.2,14.8,5.42,7.0,98.4,150.0,161.0,2200.0,0.8,4.15,Bad
30.5,6.73,33.9,31.0,5.57,35.6,159.0,98.0,124.0,330.0,1.1,4.27,Normal
28.7,6.81,32.0,19.6,5.76,17.4,160.0,125.0,116.0,330.0,0.8,7.15,Normal
28.4,7.05,33.0,20.5,5.2,16.5,150.0,125.0,96.0,220.0,0.5,9.17,Normal
30.5,7.6,19.9,11.5,4.5,98.7,189.0,227.0,199.0,24000.0,1.1,6.03,Bad
31.5,7.09,19.5,11.6,4.17,56.0,194.0,243.0,173.0,3300.0,0.7,4.71,Bad
31.8,7.27,20.0,12.0,4.25,31.8,192.0,260.0,142.0,7900.0,0.0,5.83,Bad
29.3,7.17,49.7,32.3,6.87,158.0,21.4,197.0,23.9,4.5,0.7,4.5,Normal
30.3,7.07,32.2,22.4,6.69,145.0,18.2,198.0,22.0,1.6,1.0,5.52,Normal
30.8,7.0,50.8,32.4,5.94,55.4,22.3,143.0,5.6,2.0,0.0,2.67,Normal
25.3,7.03,52.3,34.6,7.07,26.9,13.7,187.0,24.4,240.0,0.0,3.21,Normal
30.0,6.82,50.6,33.1,5.79,90.1,33.8,181.0,91.0,2.0,0.8,4.67,Normal
32.1,6.75,50.5,33.2,6.29,42.5,28.2,184.0,11.4,5.6,0.0,2.68,Normal
32.6,6.71,49.3,32.6,6.02,10.4,9.54,345.0,2.2,1300.0,0.33,3.68,Normal
32.8,6.74,50.2,32.9,5.8,32.1,15.6,109.0,2.7,130.0,0.0,4.3,Good
35.5,6.63,49.4,32.3,5.93,16.3,9.25,173.0,2.6,4.5,0.0,3.21,Good
34.0,6.45,49.3,32.4,6.1,22.7,10.1,206.0,1.1,1.42,0.6,4.8,Normal
30.1,6.83,48.9,32.0,5.94,17.3,27.9,321.0,16.6,1300.0,0.6,3.04,Normal
30.1,6.69,49.7,32.6,6.39,126.0,20.4,192.0,6.0,0.89,0.7,4.0,Normal
28.5,6.81,51.7,33.9,6.61,90.6,14.0,164.0,1.6,1.57,0.6,3.75,Normal
28.7,6.84,49.1,32.0,5.53,112.0,63.1,361.0,123.0,1.1,0.6,3.44,Normal
29.4,6.78,46.2,30.0,6.48,315.0,58.3,406.0,35.1,11.0,1.5,7.32,Bad
29.7,6.97,42.6,27.3,6.24,106.0,33.7,188.0,39.6,240.0,0.8,3.25,Normal
28.6,7.03,49.4,32.5,5.88,20.1,55.8,212.0,45.3,490.0,1.1,4.63,Normal
29.5,6.95,51.5,34.0,5.75,19.7,23.6,177.0,22.0,7.8,0.16,6.59,Normal
27.6,6.83,50.2,32.8,5.78,35.2,22.9,270.0,2.7,490.0,1.2,2.65,Normal
28.3,7.2,51.3,33.7,6.68,22.6,8.22,128.0,3.0,0.81,0.35,2.35,Good
28.5,6.9,32.2,32.4,6.28,947.0,45.5,276.0,67.2,490.0,3.6,16.5,Very Bad
29.2,6.97,50.8,33.4,6.32,4.9,9.1,80.0,2.9,3.7,0.1,2.49,Good
26.4,7.17,51.4,32.7,6.69,10.7,25.7,124.0,23.9,27.0,0.46,2.81,Good
27.6,7.05,50.8,33.3,5.9,9.7,18.6,140.0,15.2,1.31,0.21,2.43,Good
28.0,6.97,55.5,22.4,6.8,334.0,48.8,141.0,117.0,490.0,1.2,3.81,Normal
23.4,6.28,48.3,32.0,5.41,60.6,34.1,128.0,160.0,330.0,0.7,9.59,Normal
29.5,8.1,46.3,27.3,6.67,2.1,17.9,98.0,6.3,1.24,0.0,5.39,Good
31.5,8.11,46.6,26.5,6.28,9.8,25.1,117.0,9.4,2.0,0.0,4.3,Good
29.7,8.09,46.01,27.0,4.98,4.8,19.0,109.0,2.3,1.42,0.57,8.66,Good
29.0,7.81,45.54,26.95,4.63,8.3,23.5,193.0,10.0,2.0,0.31,9.63,Good
30.2,7.59,46.2,26.8,4.94,20.6,17.0,98.0,1.8,110.0,0.0,7.88,Good
29.1,7.12,45.9,27.3,4.38,3.5,12.8,111.0,2.2,79.0,0.0,5.63,Good
30.1,7.96,46.9,27.3,4.84,12.8,26.9,182.0,29.8,1.79,0.0,5.65,Good
30.2,8.23,42.87,24.0,5.7,4.8,14.8,142.0,6.4,1100.0,0.28,3.59,Normal
29.9,7.68,34.45,19.5,4.15,167.0,25.4,355.0,31.6,130.0,1.5,12.3,Normal
28.3,6.74,38.97,22.65,4.04,19.3,30.4,263.0,15.6,790.0,1.1,11.4,Normal
27.6,7.1,27.5,16.1,5.85,69.2,77.8,116.0,88.9,7000.0,1.0,7.5,Bad
27.4,7.05,26.48,15.5,4.82,94.5,40.2,130.0,26.0,4900.0,0.9,7.71,Normal
31.05,7.41,29.33,16.09,5.56,15.2,30.2,140.0,31.0,4900.0,0.7,4.11,Normal
27.2,7.36,24.07,13.9,4.18,106.0,48.5,88.0,188.0,130.0,1.1,6.9,Normal
27.2,7.68,22.76,12.4,4.75,73.1,42.8,196.0,49.0,1700.0,1.5,9.87,Normal
27.6,7.45,36.01,21.5,4.66,34.3,17.3,111.0,15.0,240.0,0.5,6.55,Good
26.8,7.73,38.67,23.6,5.83,198.0,84.4,232.0,222.0,790.0,1.3,9.08,Bad
27.5,7.33,43.34,26.4,6.39,38.7,5.73,97.0,23.2,3300.0,0.6,10.8,Normal
28.1,7.42,43.93,26.5,6.12,16.6,7.78,98.0,1.8,13000.0,0.7,6.39,Normal
28.3,7.94,44.65,26.9,6.05,2.1,4.7,120.0,1.7,14.0,0.18,5.34,Good
28.3,7.92,42.57,25.5,6.37,6.0,11.3,94.0,16.8,4.0,0.31,5.22,Good
28.5,8.0,44.66,26.7,6.07,6.4,3.67,97.0,2.4,4.5,1.1,6.57,Good
28.93,7.94,44.92,26.73,6.02,3.9,7.49,115.0,4.7,1.21,1.1,7.13,Good
30.14,7.3,45.02,26.1,6.35,2.5,12.6,103.0,14.2,330.0,0.5,7.87,Good
28.75,7.91,44.83,26.75,6.02,7.4,5.29,121.0,2.2,47.0,1.0,9.2,Good
28.6,7.55,44.13,26.35,6.11,3.0,2.64,105.0,2.6,1.8,0.0,6.52,Good
28.15,7.58,43.59,26.0,6.22,1.7,5.87,108.0,1.6,240.0,0.6,15.4,Good
29.7,7.88,45.4,26.6,6.1,3.8,24.3,97.0,2.7,1.16,0.23,5.82,Good
27.5,8.26,43.47,26.5,6.18,3.2,1.32,100.0,1.4,1.16,1.6,7.0,Good
27.03,8.22,42.75,26.33,6.35,3.1,1.62,106.0,20.0,1.23,1.3,15.6,Good
28.43,8.07,43.59,26.07,6.23,2.5,3.23,125.0,3.6,1.14,0.6,10.5,Good
28.38,8.18,43.64,26.18,6.1,2.6,1.62,108.0,9.5,1.53,0.5,9.49,Good
30.75,7.9,45.71,26.2,5.17,3.1,8.37,121.0,1.9,240.0,0.0,4.02,Good
32.6,8.27,48.36,26.7,5.97,25.8,4.55,144.0,1.5,1.15,0.6,5.47,Good
31.6,8.18,47.67,27.1,4.36,2.1,4.11,111.0,3.9,1.28,0.35,3.5,Good
30.5,7.84,45.24,26.15,4.64,5.5,15.3,106.0,0.8,35000.0,0.0,4.79,Normal
29.7,8.09,41.03,23.7,4.91,20.0,47.4,129.0,1.9,1.61,0.8,4.4,Good
31.1,8.1,47.1,26.9,4.8,20.3,11.3,207.0,1.2,27.0,1.1,4.6,Good
30.3,7.86,47.6,31.2,5.32,28.2,28.8,341.0,26.5,790.0,0.08,3.74,Normal
32.2,7.97,47.4,31.3,7.14,2.0,6.75,205.0,9.2,0.96,0.57,2.6,Good
30.3,8.08,47.4,31.1,7.34,4.6,1.76,154.0,17.0,9.3,0.0,2.85,Good
31.3,8.03,47.2,30.9,6.92,1.8,4.48,158.0,8.1,0.81,0.12,2.49,Good
31.7,8.03,36.6,23.4,7.13,6.6,4.11,117.0,9.4,700.0,0.0,3.11,Good
29.4,7.92,39.4,25.4,5.95,14.6,16.9,220.0,89.3,4900.0,0.6,3.37,Normal
29.4,7.64,35.4,22.4,4.9,11.6,20.6,386.0,77.3,4600.0,0.0,3.87,Normal
29.0,8.23,44.9,29.3,6.42,24.11,4.41,172.0,1.4,4.5,0.14,3.45,Good
29.5,8.22,46.1,30.2,6.31,87.0,3.23,116.0,4.7,2.0,0.0,3.45,Normal
31.0,8.15,45.5,29.7,6.2,80.4,4.55,123.0,17.2,490.0,0.6,4.66,Normal
30.1,8.21,44.6,29.1,5.97,58.7,2.06,150.0,11.5,490.0,0.8,2.99,Normal
29.6,8.3,46.0,30.1,6.42,24.8,3.08,144.0,9.9,49.0,0.27,3.38,Good
28.7,8.25,40.0,25.7,6.54,42.3,3.08,139.0,24.0,41.0,0.0,2.53,Normal
29.6,8.18,43.1,28.0,6.41,18.0,3.23,70.0,3.5,1300.0,0.22,4.45,Normal
31.0,8.32,45.7,29.8,6.2,10.9,3.82,151.0,6.4,1.8,0.4,3.12,Good
30.8,8.19,47.7,31.3,5.79,25.7,2.28,160.0,16.9,790.0,0.6,4.07,Normal
30.4,8.13,49.1,32.4,6.2,11.1,3.67,137.0,8.3,6.8,0.7,5.09,Good
30.4,8.28,49.7,32.7,6.26,8.6,2.79,167.0,1.1,11.0,0.6,13.7,Good
31.4,8.24,49.5,32.5,7.3,8.4,2.79,78.0,5.8,1.03,0.0,4.11,Good
32.2,8.16,49.2,32.5,7.21,3.5,2.94,110.0,7.3,2.0,0.13,5.38,Good
30.7,8.29,48.6,32.0,7.4,8.3,3.2,186.0,6.2,3300.0,0.4,5.15,Normal
30.6,8.28,49.7,32.6,7.37,3.2,4.26,121.0,1.8,33.0,0.0,8.71,Good
30.4,8.27,49.3,32.5,7.39,9.8,4.55,130.0,7.5,490.0,0.0,4.62,Normal
29.5,8.23,49.8,32.8,6.13,12.1,6.9,131.0,77.7,4.5,0.09,3.4,Normal
29.4,8.19,49.8,32.8,6.14,14.8,6.02,116.0,14.0,11.0,0.0,10.2,Good
28.9,7.93,36.4,23.1,4.44,6.0,492.0,3635.0,231.0,160000.2,1.1,6.75,Bad
30.0,8.31,49.0,32.4,7.52,3.3,18.9,263.0,46.6,2400.0,0.23,5.93,Normal
29.0,8.34,47.2,30.9,6.41,4.8,3.52,131.0,15.6,1700.0,0.0,1.83,Normal
29.1,8.34,48.8,32.1,6.33,1.4,2.06,121.0,2.7,130.0,0.37,3.17,Good
29.0,8.34,48.8,32.1,6.4,1.0,1.17,156.0,16.8,2400.0,0.0,2.16,Normal
28.9,8.28,48.8,32.1,6.38,1.0,7.49,117.0,23.4,1700.0,0.0,2.31,Normal
29.3,8.28,50.0,33.0,6.19,1.2,3.23,113.0,8.1,0.97,0.1,5.62,Good
28.9,8.11,49.5,32.6,4.74,0.41,41.7,443.0,15.3,160000.0,0.5,3.23,Normal
29.3,8.21,49.9,32.9,5.69,1.8,2.2,81.0,6.7,79.0,0.04,5.26,Good
30.0,8.22,49.8,32.8,5.69,16.2,4.55,213.0,4.5,490.0,0.6,3.53,Normal
30.8,8.27,49.8,32.8,7.34,4.7,3.67,120.0,2.6,7.8,0.6,6.97,Good
30.2,8.25,49.3,32.4,7.32,6.3,14.1,280.0,6.0,14.0,0.0,4.88,Normal
30.9,8.09,49.5,32.7,7.12,24.6,5.36,125.0,7.0,170.0,0.6,10.8,Good
30.6,8.23,49.2,32.4,6.15,1.7,11.6,106.0,22.0,4.0,0.0,3.08,Good
30.4,8.2,48.9,32.2,5.91,1.9,8.22,121.0,2.8,1.53,1.04,1.97,Good
32.0,8.28,49.0,32.3,6.42,16.0,1.47,86.0,3.2,3.6,0.35,2.45,Good
31.3,8.26,48.8,32.2,6.41,15.1,1.03,121.0,4.6,240.0,0.0,3.23,Good
30.2,8.17,49.1,32.3,5.84,1.8,6.75,103.0,1.1,1.46,0.52,3.98,Good
30.0,8.27,48.4,31.8,6.19,1.3,8.81,121.0,5.6,1.31,0.15,3.19,Good
30.5,8.24,49.0,32.3,6.06,1.4,7.2,123.0,1.4,1.39,0.36,2.95,Good
30.5,8.23,49.0,32.3,5.95,1.8,6.61,94.6,1.1,2.0,0.3,3.99,Good
30.4,8.31,49.3,32.5,6.16,1.3,16.6,98.2,4.1,1.34,0.0,7.71,Good
29.7,8.19,49.3,32.5,5.95,1.2,10.7,119.0,3.1,1.41,0.0,2.99,Good
29.4,8.15,49.3,32.4,5.43,1.7,3.38,112.0,3.3,79.0,0.0,3.05,Good
28.3,8.21,49.1,32.3,5.87,3.0,8.52,104.0,1.1,1.46,0.75,2.42,Good
29.9,8.22,49.2,32.4,5.82,1.0,12.3,105.0,1.0,2.0,0.0,6.28,Good
29.0,8.2,49.2,32.4,6.13,4.9,7.64,142.0,7.6,1.21,1.6,5.93,Good
30.7,8.26,49.2,32.5,5.97,0.43,5.43,120.0,6.5,170.0,1.16,4.91,Good
30.5,8.28,49.5,32.5,5.91,1.0,7.64,86.4,3.4,4.0,0.48,3.65,Good
30.4,8.3,49.0,32.3,6.53,4.3,8.96,86.2,1.0,2.0,0.92,3.8,Good
30.1,8.29,49.3,32.5,6.02,0.15,6.02,120.0,7.8,33.0,0.23,3.21,Good
30.3,8.28,49.4,32.6,5.87,0.66,7.49,127.0,18.4,17.0,0.0,2.84,Good
30.7,8.1,48.8,31.9,5.77,2.4,7.64,166.0,7.0,490.0,0.11,3.07,Normal
30.2,8.14,48.5,31.9,6.12,2.5,1.91,169.0,4.3,0.93,0.0,4.17,Good
30.4,8.17,48.8,32.1,6.04,2.2,4.55,124.0,15.0,2.0,0.31,2.28,Good
29.8,8.21,48.9,32.2,6.04,9.3,1.76,249.0,6.8,1.75,0.87,3.39,Normal
31.0,8.08,46.0,30.1,5.79,4.4,10.4,168.0,8.0,79.0,-0.0,4.05,Good
29.8,7.89,46.4,30.3,5.65,6.3,2.2,177.0,11.3,210.0,0.86,7.21,Normal
27.4,8.21,32.0,20.0,6.81,21.1,2.35,116.0,21.3,1300.0,0.12,2.58,Normal
29.6,8.22,44.7,29.1,6.39,62.2,1.47,133.0,8.2,240.0,0.0,4.86,Normal
29.4,8.25,45.1,29.4,6.4,47.9,3.82,160.0,2.3,92000.0,0.0,5.06,Normal
28.1,8.17,35.3,22.3,6.75,164.0,19.4,159.0,19.6,2400.0,1.16,7.21,Normal
28.7,7.98,43.7,28.4,6.81,16.2,1.62,150.0,18.8,1.56,0.44,5.03,Good
28.8,7.79,33.7,21.3,6.4,12.1,4.41,125.0,68.9,3300.0,0.8,6.65,Normal
28.5,7.87,37.8,24.1,7.3,174.0,5.58,117.0,4.3,79.0,0.9,3.36,Normal
29.3,7.37,28.6,17.7,6.72,4.7,5.73,123.0,65.7,240.0,0.5,3.89,Good
30.71,7.16,40.55,23.05,5.35,49.05,552.28,1136.63,1726.81,160000.61,5.21,41.6,Very Bad
29.67,7.39,39.25,22.01,1.29,63.46,170.06,616.96,160.19,3319.24,2.04,12.56,Very Bad
31.56,7.27,42.26,24.06,5.04,105.87,140.96,493.68,175.72,135080.12,2.7,9.86,Very Bad
30.06,7.37,39.25,21.67,1.18,73.92,169.29,544.76,199.85,3560.56,2.34,13.88,Very Bad
31.84,7.28,39.25,20.11,0.7,122.21,165.72,211.54,382.9,4674.28,3.72,19.97,Very Bad
30.7,7.09,36.61,20.54,5.35,60.17,690.17,1337.28,2270.27,160000.75,6.56,53.53,Very Bad
32.27,7.17,33.27,18.26,4.77,183.93,156.28,478.04,295.82,113813.09,4.13,14.47,Very Bad
32.58,7.13,29.41,15.76,4.66,217.44,162.86,471.33,347.38,104683.29,4.75,16.45,Very Bad
32.91,7.08,25.22,13.06,4.53,253.82,170.0,464.04,403.34,94772.72,5.41,18.6,Very Bad
29.84,7.38,39.25,21.86,1.24,67.95,169.73,585.99,177.2,3422.77,2.17,13.13,Very Bad
30.72,7.27,46.55,26.88,5.35,32.07,341.93,830.57,897.84,160000.38,3.16,23.4,Very Bad
32.96,7.08,24.53,12.61,4.51,259.86,171.19,462.83,412.63,93127.97,5.52,18.96,Very Bad
28.35,7.19,35.81,27.74,3.93,474.13,110.79,591.45,37.45,1468.1,2.22,11.91,Very Bad
31.29,7.31,39.25,20.59,0.85,107.45,166.81,313.42,326.93,4333.76,3.3,18.11,Very Bad
30.71,7.16,40.3,22.89,5.35,49.76,561.07,1149.43,1761.48,160000.61,5.3,42.36,Very Bad
30.71,7.09,36.8,20.66,5.35,59.64,683.61,1327.73,2244.4,160000.74,6.49,52.96,Very Bad
28.29,7.29,37.07,26.11,3.11,308.99,133.59,701.62,27.06,1809.69,1.73,10.31,Very Bad
28.38,7.12,34.93,28.88,4.5,589.89,94.81,514.23,44.73,1228.66,2.56,13.03,Very Bad
30.7,7.05,34.65,19.28,5.35,65.73,759.04,1437.49,2541.69,160000.82,7.23,59.48,Very Bad
30.7,7.08,36.09,20.2,5.35,61.66,708.62,1364.13,2342.99,160000.77,6.74,55.12,Very Bad
30.84,7.33,39.25,20.99,0.97,95.03,167.73,399.12,279.86,4047.33,2.94,16.54,Very Bad
28.23,7.4,38.45,24.33,2.21,128.38,158.53,822.1,15.69,2183.27,1.21,8.56,Very Bad
30.73,7.36,51.34,29.94,5.35,18.53,174.13,586.4,236.52,160000.2,1.52,8.88,Very Bad
30.7,7.07,35.8,20.02,5.35,62.48,718.71,1378.81,2382.76,160000.78,6.84,55.99,Very Bad
28.42,7.04,34.02,30.05,5.1,708.82,78.39,434.89,52.21,982.67,2.9,14.19,Very Bad
29.56,7.39,39.25,22.11,1.32,60.46,170.28,637.67,148.81,3250.04,1.95,12.18,Very Bad
30.72,7.32,49.26,28.61,5.35,24.42,247.11,692.58,524.11,160000.28,2.23,15.2,Very Bad
28.37,7.15,35.34,28.35,4.24,536.27,102.21,550.0,41.36,1339.57,2.4,12.51,Very Bad
28.36,7.16,35.52,28.12,4.12,512.68,105.47,565.74,39.87,1388.37,2.33,12.29,Very Bad
32.45,7.15,31.0,16.79,4.71,203.63,160.15,474.09,326.13,108445.99,4.49,15.64,Very Bad
32.79,7.1,26.73,14.03,4.58,240.76,167.44,466.66,383.25,98331.0,5.17,17.83,Very Bad
30.7,7.07,35.41,19.77,5.35,63.57,732.21,1398.45,2435.95,160000.8,6.97,57.16,Very Bad
30.73,7.35,50.87,29.64,5.35,19.86,190.62,610.39,301.48,160000.22,1.68,10.31,Very Bad
30.72,7.26,45.69,26.33,5.35,34.51,372.12,874.5,1016.82,160000.41,3.45,26.01,Very Bad
28.4,7.09,34.59,29.31,4.72,633.94,88.73,484.84,47.5,1137.55,2.68,13.46,Very Bad
28.4,7.1,34.66,29.22,4.68,624.54,90.02,491.11,46.91,1156.99,2.66,13.37,Very Bad
28.28,7.31,37.32,25.79,2.95,276.65,138.06,723.19,25.02,1876.58,1.64,10.0,Very Bad
30.96,7.36,49.84,28.96,5.26,40.08,128.04,506.86,74.51,153003.63,1.49,5.98,Very Bad
30.73,7.35,50.61,29.47,5.35,20.59,199.67,623.56,337.16,160000.23,1.77,11.09,Very Bad
30.72,7.31,48.53,28.15,5.35,26.46,272.46,729.48,624.05,160000.31,2.48,17.39,Very Bad
28.39,7.1,34.72,29.14,4.64,616.45,91.14,496.51,46.4,1173.72,2.63,13.29,Very Bad
32.81,7.1,26.47,13.86,4.57,243.0,167.88,466.21,386.69,97721.53,5.21,17.96,Very Bad
31.55,7.29,39.25,20.36,0.78,114.48,166.29,264.9,353.59,4495.93,3.5,18.99,Very Bad
30.96,7.36,49.88,28.99,5.26,39.72,127.97,506.93,73.96,153101.82,1.48,5.96,Very Bad
29.77,7.38,39.25,21.92,1.26,66.26,169.85,597.61,170.82,3383.93,2.12,12.92,Very Bad
28.2,7.45,39.19,23.38,1.73,32.09,171.83,886.33,9.63,2382.43,0.92,7.62,Very Bad
30.73,7.35,50.83,29.61,5.35,19.96,191.9,612.25,306.54,160000.22,1.69,10.42,Very Bad
30.72,7.27,46.28,26.71,5.35,32.84,351.48,844.46,935.47,160000.39,3.25,24.23,Very Bad
28.2,7.46,39.21,23.35,1.71,28.27,172.35,888.88,9.39,2390.33,0.91,7.59,Very Bad
30.7,7.09,36.54,20.49,5.35,60.39,692.81,1341.12,2280.68,160000.75,6.58,53.75,Very Bad
28.34,7.21,36.07,27.41,3.76,440.3,115.46,614.02,35.32,1538.08,2.12,11.58,Very Bad
30.71,7.14,39.39,22.31,5.35,52.32,592.8,1195.59,1886.51,160000.65,5.61,45.1,Very Bad
30.71,7.16,40.16,22.81,5.35,50.13,565.68,1156.14,1779.65,160000.62,5.34,42.76,Very Bad
28.27,7.33,37.67,25.34,2.72,230.69,144.41,753.85,22.13,1971.65,1.51,9.55,Very Bad
30.71,7.13,39.0,22.06,5.35,53.43,606.57,1215.63,1940.79,160000.66,5.74,46.29,Very Bad
31.25,7.31,39.25,20.62,0.86,106.28,166.9,321.46,322.51,4306.88,3.26,17.96,Very Bad
30.72,7.27,46.49,26.84,5.35,32.23,343.95,833.49,905.77,160000.38,3.18,23.57,Very Bad
30.72,7.3,47.89,27.73,5.35,28.29,295.13,762.47,713.39,160000.33,2.7,19.35,Very Bad
30.72,7.26,46.01,26.54,5.35,33.6,360.9,858.16,972.58,160000.4,3.34,25.04,Very Bad
30.73,7.34,49.88,29.0,5.35,22.66,225.38,660.97,438.48,160000.26,2.02,13.32,Very Bad
30.72,7.27,46.16,26.63,5.35,33.16,355.48,850.28,951.23,160000.4,3.29,24.57,Very Bad
29.93,7.37,39.25,21.78,1.22,70.4,169.55,569.09,186.48,3479.23,2.24,13.44,Very Bad
32.79,7.1,26.74,14.04,4.58,240.62,167.41,466.68,383.03,98369.9,5.17,17.82,Very Bad
28.39,7.11,34.79,29.05,4.59,607.45,92.38,502.51,45.84,1192.34,2.61,13.21,Very Bad
28.28,7.31,37.38,25.71,2.91,268.49,139.19,728.64,24.51,1893.46,1.62,9.92,Very Bad
30.71,7.12,38.15,21.52,5.35,55.83,636.33,1258.94,2058.08,160000.69,6.03,48.87,Very Bad
30.7,7.04,33.94,18.83,5.35,67.72,783.67,1473.33,2638.78,160000.85,7.47,61.61,Very Bad
30.71,7.17,41.04,23.36,5.35,47.66,535.09,1111.62,1659.07,160000.59,5.04,40.11,Very Bad
30.7,7.07,35.51,19.84,5.35,63.28,728.7,1393.34,2422.12,160000.79,6.93,56.86,Very Bad
28.31,7.25,36.65,26.66,3.38,364.21,125.97,664.78,30.53,1695.47,1.9,10.84,Very Bad
28.26,7.35,37.8,25.17,2.63,213.07,146.84,765.6,21.02,2008.09,1.45,9.38,Very Bad
28.35,7.18,35.74,27.83,3.97,482.86,109.59,585.62,38.0,1450.04,2.24,12.0,Very Bad
30.71,7.18,41.62,23.73,5.35,46.01,514.72,1081.98,1578.79,160000.57,4.84,38.35,Very Bad
30.71,7.21,42.96,24.59,5.35,42.21,467.58,1013.39,1393.02,160000.52,4.38,34.27,Very Bad
28.44,7.01,33.58,30.62,5.38,766.71,70.39,396.27,55.86,862.91,3.07,14.75,Very Bad
29.31,7.4,39.25,22.33,1.39,53.69,170.78,684.39,123.14,3093.87,1.76,11.33,Very Bad
30.72,7.29,47.36,27.4,5.35,29.79,313.64,789.4,786.35,160000.35,2.88,20.95,Very Bad
30.73,7.38,52.33,30.57,5.35,15.73,139.51,536.02,100.07,160000.17,1.18,5.89,Very Bad
30.72,7.26,45.93,26.48,5.35,33.83,363.72,862.27,983.72,160000.41,3.37,25.28,Very Bad
30.72,7.33,49.37,28.68,5.35,24.11,243.26,686.99,508.95,160000.28,2.19,14.86,Very Bad
30.7,7.05,34.57,19.24,5.35,65.94,761.57,1441.17,2551.67,160000.83,7.26,59.7,Very Bad
28.21,7.43,38.93,23.72,1.9,66.14,167.13,863.62,11.78,2312.0,1.02,7.95,Very Bad
30.73,7.36,51.15,29.82,5.35,19.07,180.81,596.11,262.82,160000.21,1.58,9.46,Very Bad
28.39,7.11,34.81,29.03,4.58,605.2,92.7,504.02,45.69,1197.0,2.6,13.18,Very Bad
28.5,6.91,32.31,32.26,6.21,932.73,47.47,285.52,66.3,519.52,3.56,16.36,Very Bad
30.73,7.36,51.41,29.98,5.35,18.33,171.67,582.82,226.82,160000.2,1.5,8.67,Very Bad
28.33,7.22,36.23,27.2,3.66,418.99,118.41,628.24,33.98,1582.17,2.06,11.38,Very Bad
28.21,7.44,39.01,23.6,1.84,54.39,168.75,871.46,11.04,2336.31,0.99,7.84,Very Bad
28.35,7.45,39.25,23.17,1.65,27.54,172.71,864.79,24.05,2490.95,1.01,8.04,Very Bad
28.79,7.43,39.25,22.78,1.53,39.53,171.82,782.05,69.5,2767.48,1.36,9.55,Very Bad
30.72,7.28,47.09,27.23,5.35,30.54,322.93,802.92,822.95,160000.36,2.97,21.76,Very Bad
30.66,7.34,39.25,21.14,1.02,90.26,168.08,432.05,261.76,3937.26,2.81,15.94,Very Bad
30.7,7.08,36.3,20.34,5.35,61.04,700.92,1352.92,2312.64,160000.76,6.66,54.46,Very Bad
28.3,7.28,37.02,26.18,3.14,316.25,132.59,696.78,27.51,1794.68,1.76,10.38,Very Bad
30.71,7.09,36.7,20.6,5.35,59.91,686.91,1332.54,2257.44,160000.75,6.53,53.24,Very Bad
30.72,7.23,44.21,25.39,5.35,38.69,423.93,949.88,1221.0,160000.47,3.96,30.49,Very Bad
30.73,7.37,51.56,30.08,5.35,17.9,166.35,575.08,205.85,160000.2,1.44,8.21,Very Bad
29.42,7.4,39.25,22.23,1.36,56.55,170.57,664.63,134.0,3159.93,1.84,11.69,Very Bad
28.37,7.14,35.23,28.49,4.31,549.99,100.32,540.84,42.22,1311.18,2.44,12.65,Very Bad
31.81,7.28,39.25,20.13,0.71,121.47,165.78,216.69,380.07,4657.06,3.7,19.87,Very Bad
29.74,7.38,39.25,21.95,1.27,65.33,169.92,604.03,167.29,3362.48,2.09,12.8,Very Bad
28.5,6.91,32.27,32.31,6.23,937.82,46.77,282.13,66.62,509.0,3.57,16.41,Very Bad
28.24,7.38,38.26,24.57,2.33,152.95,155.14,805.71,17.24,2132.44,1.28,8.8,Very Bad
28.36,7.17,35.6,28.02,4.07,502.23,106.91,572.71,39.21,1409.99,2.3,12.18,Very Bad
28.46,6.97,33.06,31.28,5.72,833.77,61.13,351.54,60.08,724.22,3.27,15.4,Very Bad
30.72,7.3,47.78,27.66,5.35,28.61,299.02,768.12,728.7,160000.34,2.74,19.69,Very Bad
31.42,7.29,44.09,25.24,5.09,90.02,137.85,496.85,151.35,139397.17,2.41,8.93,Very Bad
31.41,7.29,44.25,25.35,5.1,88.66,137.58,497.12,149.25,139769.02,2.38,8.85,Very Bad
28.31,7.26,36.72,26.57,3.34,355.55,127.16,670.55,29.99,1713.37,1.87,10.76,Very Bad
32.33,7.16,32.49,17.75,4.75,190.72,157.61,476.68,306.26,111964.29,4.26,14.87,Very Bad
31.16,7.33,47.32,27.33,5.19,61.98,132.34,502.47,108.21,147036.68,1.89,7.27,Very Bad
28.44,7.01,33.54,30.67,5.41,771.66,69.71,392.97,56.17,852.68,3.09,14.8,Very Bad
31.03,7.35,48.98,28.4,5.24,47.58,129.51,505.35,86.04,150961.05,1.63,6.42,Very Bad
28.55,7.44,39.25,23.0,1.6,33.0,172.31,827.1,44.75,2616.9,1.17,8.73,Very Bad
30.71,7.21,42.89,24.54,5.35,42.42,470.2,1017.21,1403.35,160000.52,4.41,34.5,Very Bad
30.71,7.21,43.08,24.67,5.35,41.88,463.53,1007.5,1377.06,160000.51,4.35,33.92,Very Bad
28.44,7.01,33.62,30.56,5.35,760.75,71.22,400.25,55.48,875.26,3.06,14.69,Very Bad
30.72,7.26,46.02,26.54,5.35,33.58,360.67,857.84,971.7,160000.4,3.34,25.02,Very Bad
28.41,7.07,34.3,29.69,4.91,671.8,83.5,459.59,49.88,1059.24,2.8,13.83,Very Bad
30.72,7.32,48.84,28.34,5.35,25.59,261.66,713.76,581.46,160000.3,2.37,16.46,Very Bad
30.7,7.07,35.55,19.86,5.35,63.17,727.31,1391.33,2416.65,160000.79,6.92,56.74,Very Bad
28.3,7.27,36.87,26.38,3.24,335.7,129.91,683.79,28.74,1754.43,1.81,10.57,Very Bad
28.39,7.11,34.85,28.98,4.56,600.19,93.39,507.36,45.38,1207.36,2.59,13.13,Very Bad
31.82,7.28,39.25,20.12,0.7,121.81,165.75,214.3,381.38,4665.05,3.71,19.92,Very Bad
31.69,7.26,40.68,23.04,4.99,119.66,143.66,490.91,196.94,131323.14,2.95,10.68,Very Bad
30.7,7.04,34.12,18.94,5.35,67.23,777.6,1464.49,2614.82,160000.84,7.41,61.09,Very Bad
28.36,7.16,35.48,28.16,4.14,517.07,104.86,562.81,40.15,1379.29,2.34,12.33,Very Bad
31.77,7.24,39.65,22.38,4.96,128.56,145.41,489.13,210.62,128899.92,3.11,11.2,Very Bad
32.35,7.16,32.29,17.62,4.74,192.48,157.96,476.33,308.97,111484.85,4.29,14.98,Very Bad
28.38,7.13,35.08,28.68,4.4,569.18,97.67,528.05,43.43,1271.51,2.5,12.83,Very Bad
32.93,7.08,24.93,12.87,4.53,256.39,170.51,463.53,407.29,94074.02,5.46,18.75,Very Bad
32.05,7.27,39.25,19.92,0.64,127.95,165.3,171.94,404.65,4806.63,3.88,20.69,Very Bad
28.25,7.36,38.0,24.91,2.5,187.41,150.38,782.72,19.41,2061.17,1.38,9.13,Very Bad
32.18,7.19,34.41,18.99,4.81,174.1,154.35,480.01,280.69,116493.02,3.95,13.89,Very Bad
28.24,7.39,38.35,24.46,2.27,140.93,156.8,813.73,16.48,2157.31,1.24,8.68,Very Bad
30.11,7.36,39.25,21.62,1.17,75.39,169.18,534.64,205.41,3594.39,2.38,14.07,Very Bad
30.71,7.11,37.88,21.35,5.35,56.6,645.83,1272.75,2095.5,160000.7,6.13,49.69,Very Bad
28.44,7.02,33.72,30.44,5.29,747.71,73.02,408.95,54.66,902.22,3.02,14.57,Very Bad
31.59,7.27,41.96,23.87,5.03,108.53,141.48,493.14,179.81,134356.65,2.75,10.02,Very Bad
28.23,7.41,38.65,24.08,2.08,102.41,162.12,839.43,14.06,2236.99,1.13,8.3,Very Bad
30.73,7.37,51.8,30.23,5.35,17.23,158.09,563.06,173.3,160000.19,1.36,7.5,Very Bad
30.71,7.2,42.5,24.3,5.35,43.52,483.79,1036.98,1456.9,160000.53,4.54,35.67,Very Bad
30.72,7.22,43.9,25.19,5.35,39.57,434.91,965.85,1264.26,160000.48,4.07,31.44,Very Bad
29.65,7.39,39.25,22.03,1.29,62.9,170.1,620.8,158.08,3306.43,2.02,12.49,Very Bad
31.35,7.3,44.93,25.78,5.12,82.77,136.42,498.3,140.18,141374.32,2.27,8.5,Very Bad
28.49,6.91,32.37,32.18,6.17,924.7,48.58,290.88,65.8,536.12,3.53,16.28,Very Bad
30.72,7.22,43.43,24.89,5.35,40.91,451.43,989.9,1329.38,160000.5,4.23,32.87,Very Bad
30.91,7.32,39.25,20.92,0.95,96.99,167.58,385.57,287.3,4092.61,3.0,16.79,Very Bad
30.72,7.32,48.83,28.34,5.35,25.62,262.07,714.36,583.08,160000.3,2.38,16.49,Very Bad
28.42,7.05,34.11,29.94,5.04,696.91,80.03,442.83,51.46,1007.29,2.87,14.07,Very Bad
30.44,7.35,39.25,21.33,1.08,84.42,168.51,472.35,239.63,3802.57,2.64,15.2,Very Bad
31.89,7.28,39.25,20.07,0.69,123.5,165.63,202.69,387.76,4703.86,3.76,20.13,Very Bad
32.94,7.08,24.78,12.77,4.52,257.67,170.76,463.27,409.27,93723.85,5.48,18.83,Very Bad
28.35,7.45,39.25,23.17,1.65,27.65,172.7,864.06,24.45,2493.38,1.02,8.05,Very Bad
30.73,7.33,49.62,28.84,5.35,23.39,234.37,674.05,473.92,160000.27,2.11,14.09,Very Bad
29.42,7.4,39.25,22.23,1.36,56.56,170.57,664.59,134.02,3160.06,1.84,11.69,Very Bad
32.07,7.2,35.81,19.89,4.85,161.93,151.96,482.45,261.96,119808.86,3.73,13.17,Very Bad
32.61,7.13,29.03,15.52,4.65,220.75,163.51,470.66,352.45,103784.04,4.81,16.65,Very Bad
28.45,6.99,33.3,30.98,5.56,802.55,65.45,372.37,58.11,788.79,3.18,15.1,Very Bad
30.71,7.12,38.27,21.6,5.35,55.49,632.09,1252.76,2041.35,160000.69,5.99,48.5,Very Bad
30.71,7.19,42.16,24.08,5.35,44.5,495.92,1054.64,1504.73,160000.55,4.66,36.72,Very Bad
30.71,7.13,38.95,22.03,5.35,53.56,608.21,1218.02,1947.26,160000.66,5.76,46.44,Very Bad
29.56,7.39,39.25,22.11,1.32,60.43,170.28,637.83,148.72,3249.51,1.95,12.18,Very Bad
28.42,7.06,34.17,29.85,5.0,688.51,81.19,448.44,50.94,1024.67,2.84,13.99,Very Bad
28.49,6.93,32.52,31.99,6.07,905.32,51.25,303.8,64.58,576.21,3.48,16.1,Very Bad
29.25,7.41,39.25,22.38,1.4,52.01,170.9,695.95,116.8,3055.26,1.71,11.12,Very Bad
28.33,7.21,36.11,27.36,3.74,435.11,116.18,617.48,34.99,1548.82,2.1,11.53,Very Bad
30.72,7.25,45.28,26.07,5.35,35.68,386.64,895.62,1074.04,160000.43,3.59,27.27,Very Bad
30.71,7.18,41.55,23.69,5.35,46.21,517.09,1085.44,1588.15,160000.57,4.87,38.55,Very Bad
30.71,7.12,38.22,21.56,5.35,55.62,633.79,1255.24,2048.07,160000.69,6.01,48.65,Very Bad
30.71,7.16,40.32,22.9,5.35,49.69,560.29,1148.3,1758.42,160000.61,5.29,42.29,Very Bad
30.72,7.3,48.11,27.87,5.35,27.67,287.42,751.25,683.0,160000.32,2.63,18.68,Very Bad
28.5,6.91,32.3,32.27,6.21,933.71,47.34,284.87,66.36,517.49,3.56,16.37,Very Bad
28.47,6.97,33.02,31.34,5.75,839.82,60.3,347.5,60.46,711.7,3.29,15.46,Very Bad
32.9,7.08,25.37,13.15,4.54,252.52,169.75,464.3,401.33,95128.19,5.39,18.52,Very Bad
30.73,7.38,52.01,30.37,5.35,16.63,150.65,552.24,143.99,160000.18,1.29,6.85,Very Bad
30.73,7.34,50.0,29.08,5.35,22.32,221.14,654.8,421.79,160000.25,1.98,12.95,Very Bad
28.41,7.07,34.29,29.7,4.92,673.36,83.28,458.55,49.98,1056.01,2.8,13.84,Very Bad
28.36,7.17,35.54,28.09,4.1,509.15,105.96,568.09,39.65,1395.67,2.32,12.25,Very Bad
28.23,7.41,38.56,24.19,2.14,113.94,160.53,831.73,14.78,2213.14,1.16,8.42,Very Bad
28.35,7.18,35.78,27.77,3.95,477.56,110.32,589.16,37.66,1461.01,2.23,11.94,Very Bad
28.34,7.19,35.91,27.61,3.86,460.8,112.63,600.34,36.61,1495.67,2.18,11.78,Very Bad
32.61,7.13,29.03,15.52,4.65,220.77,163.51,470.66,352.49,103777.75,4.81,16.65,Very Bad
28.37,7.14,35.26,28.45,4.29,546.38,100.82,543.25,41.99,1318.66,2.43,12.61,Very Bad
28.32,7.24,36.44,26.93,3.52,391.58,122.19,646.52,32.25,1638.86,1.98,11.11,Very Bad
30.72,7.25,45.36,26.12,5.35,35.45,383.84,891.54,1062.99,160000.43,3.57,27.02,Very Bad
29.66,7.39,39.25,22.02,1.29,63.16,170.08,619.05,159.04,3312.27,2.03,12.52,Very Bad
28.21,7.43,38.93,23.71,1.9,65.43,167.22,864.09,11.73,2313.47,1.02,7.95,Very Bad
32.15,7.19,34.82,19.26,4.82,170.5,153.64,480.73,275.15,117473.71,3.88,13.68,Very Bad
28.31,7.25,36.61,26.7,3.41,369.08,125.3,661.53,30.84,1685.39,1.91,10.89,Very Bad
31.86,7.23,38.52,21.64,4.93,138.42,147.35,487.16,225.8,126213.34,3.3,11.78,Very Bad
28.46,6.98,33.21,31.09,5.62,814.48,63.8,364.4,58.86,764.1,3.21,15.21,Very Bad
28.3,7.27,36.84,26.41,3.26,338.76,129.48,681.76,28.93,1748.1,1.82,10.6,Very Bad
31.55,7.29,39.25,20.36,0.78,114.34,166.3,265.87,353.05,4492.66,3.49,18.97,Very Bad
28.22,7.42,38.75,23.94,2.01,88.76,164.0,848.53,13.2,2265.21,1.09,8.17,Very Bad
31.54,7.28,42.52,24.23,5.05,103.65,140.52,494.12,172.31,135684.61,2.66,9.73,Very Bad
30.73,7.38,52.29,30.54,5.35,15.85,141.0,538.19,105.94,160000.17,1.2,6.02,Very Bad
30.72,7.24,44.77,25.75,5.35,37.1,404.26,921.25,1143.46,160000.45,3.77,28.79,Very Bad
30.87,7.37,51.08,29.76,5.3,29.32,125.93,509.01,57.95,155935.8,1.29,5.34,Very Bad
28.33,7.22,36.26,27.16,3.64,415.61,118.87,630.49,33.76,1589.16,2.05,11.34,Very Bad
28.32,7.24,36.51,26.83,3.47,382.04,123.51,652.89,31.65,1658.6,1.95,11.02,Very Bad
30.72,7.26,45.89,26.46,5.35,33.95,365.21,864.43,989.56,160000.41,3.38,25.41,Very Bad
28.34,7.2,36.02,27.47,3.79,446.75,114.57,609.72,35.72,1524.74,2.14,11.65,Very Bad
28.34,7.21,36.05,27.43,3.78,443.18,115.07,612.1,35.5,1532.13,2.13,11.61,Very Bad
28.48,6.93,32.61,31.87,6.01,892.95,52.96,312.06,63.8,601.8,3.44,15.98,Very Bad
30.72,7.25,45.32,26.09,5.35,35.56,385.16,893.47,1068.21,160000.43,3.58,27.14,Very Bad
30.73,7.38,52.05,30.39,5.35,16.53,149.35,550.34,138.85,160000.18,1.28,6.74,Very Bad
30.73,7.36,50.97,29.7,5.35,19.59,187.27,605.51,288.28,160000.22,1.65,10.02,Very Bad
28.44,7.01,33.58,30.62,5.38,766.21,70.46,396.61,55.82,863.96,3.07,14.75,Very Bad
30.73,7.37,51.46,30.01,5.35,18.2,170.1,580.53,220.61,160000.2,1.48,8.53,Very Bad
32.77,7.1,26.95,14.17,4.59,238.85,167.06,467.04,380.3,98852.92,5.14,17.71,Very Bad
28.21,7.45,39.12,23.47,1.77,40.43,170.68,880.78,10.16,2365.2,0.95,7.7,Very Bad
31.82,7.28,39.25,20.12,0.7,121.76,165.76,214.64,381.19,4663.89,3.71,19.91,Very Bad
28.4,7.08,34.43,29.52,4.83,654.29,85.92,471.27,48.78,1095.46,2.74,13.66,Very Bad
28.22,7.42,38.75,23.95,2.02,89.34,163.92,848.15,13.24,2264.03,1.09,8.18,Very Bad
32.28,7.17,33.22,18.22,4.77,184.38,156.37,477.95,296.51,113690.39,4.14,14.5,Very Bad
28.45,6.99,33.29,30.99,5.57,803.76,65.28,371.56,58.19,786.29,3.18,15.11,Very Bad
30.73,7.38,52.35,30.58,5.35,15.68,138.8,534.99,97.28,160000.17,1.17,5.83,Very Bad
30.71,7.1,37.02,20.8,5.35,59.03,676.02,1316.69,2214.52,160000.74,6.42,52.3,Very Bad
30.71,7.13,38.88,21.99,5.35,53.75,610.62,1221.53,1956.76,160000.67,5.78,46.64,Very Bad
28.46,6.97,33.03,31.32,5.74,837.89,60.57,348.79,60.33,715.69,3.28,15.44,Very Bad
29.41,7.4,39.25,22.24,1.36,56.47,170.57,665.16,133.71,3158.16,1.84,11.68,Very Bad
28.39,7.11,34.82,29.02,4.58,604.37,92.81,504.57,45.64,1198.72,2.6,13.18,Very Bad
28.46,6.97,33.06,31.28,5.72,833.86,61.12,351.48,60.08,724.03,3.27,15.4,Very Bad
31.33,7.31,45.18,25.95,5.12,80.53,135.98,498.75,136.73,141984.94,2.23,8.37,Very Bad
28.26,7.35,37.86,25.09,2.59,205.07,147.94,770.94,20.52,2024.65,1.43,9.3,Very Bad
30.72,7.29,47.33,27.38,5.35,29.86,314.5,790.65,789.72,160000.35,2.89,21.03,Very Bad
31.49,7.3,39.25,20.41,0.79,112.77,166.42,276.72,347.09,4456.4,3.45,18.78,Very Bad
30.72,7.3,47.97,27.79,5.35,28.07,292.33,758.39,702.35,160000.33,2.67,19.11,Very Bad
30.71,7.1,37.16,20.89,5.35,58.61,670.84,1309.15,2194.09,160000.73,6.37,51.85,Very Bad
28.2,7.45,39.18,23.39,1.73,32.37,171.79,886.15,9.65,2381.86,0.93,7.63,Very Bad
30.71,7.18,41.42,23.6,5.35,46.59,521.83,1092.33,1606.84,160000.57,4.91,38.96,Very Bad
32.16,7.19,34.75,19.21,4.82,171.14,153.77,480.6,276.15,117297.29,3.9,13.72,Very Bad
31.24,7.32,46.37,26.72,5.16,70.21,133.96,500.82,120.86,144796.2,2.04,7.76,Very Bad
28.3,7.27,36.85,26.4,3.25,338.3,129.55,682.07,28.9,1749.07,1.82,10.59,Very Bad
28.22,7.42,38.76,23.93,2.01,87.54,164.17,849.35,13.12,2267.75,1.09,8.16,Very Bad
28.07,7.91,47.57,30.2,5.69,206.36,19.92,271.78,8.49,92000.0,0.99,6.76,Bad
29.06,7.16,24.89,14.67,5.29,56.16,117.62,166.21,107.41,7313.8,0.65,6.92,Bad
28.74,6.99,24.57,15.13,5.35,7.16,97.83,154.52,162.64,2219.24,0.8,4.08,Bad
30.46,7.6,21.79,12.64,4.56,93.45,182.21,238.78,189.85,25784.3,1.12,5.88,Bad
31.04,7.28,39.4,23.06,4.76,45.52,92.61,376.74,72.82,4263.88,1.78,10.43,Bad
28.64,7.36,41.97,24.84,5.29,159.69,99.21,183.85,113.74,790.0,1.73,9.25,Bad
27.97,7.94,47.41,30.2,5.69,212.82,17.77,247.38,7.81,92000.0,0.98,6.82,Bad
28.25,6.84,43.13,26.76,5.24,138.71,91.88,164.78,123.55,165.73,1.57,8.71,Bad
30.31,7.59,28.32,16.58,4.79,75.32,158.79,279.43,158.25,31943.52,1.18,5.38,Bad
29.95,7.58,45.05,26.69,5.35,28.86,98.76,383.6,77.28,47727.85,1.33,4.08,Bad
28.72,7.35,42.12,24.9,5.26,157.93,99.89,181.65,108.78,790.0,1.75,9.26,Bad
28.33,7.3,31.33,18.43,3.67,30.49,57.75,957.22,28.64,160000.89,2.2,11.45,Bad
30.91,7.34,44.98,26.28,4.93,42.58,64.16,414.26,44.71,4534.32,2.09,12.03,Bad
27.87,6.99,35.05,21.15,5.11,71.07,163.87,62.52,103.75,2400.0,1.85,9.76,Bad
29.98,7.33,27.1,15.05,2.14,33.01,70.75,1209.04,13.84,160000.9,2.57,8.81,Bad
28.63,7.36,41.96,24.84,5.29,159.77,99.18,183.95,113.97,790.0,1.73,9.25,Bad
28.14,6.85,42.84,26.45,5.13,122.15,95.04,142.12,131.86,180.27,1.57,8.84,Bad
26.81,7.73,38.69,23.61,5.83,197.72,84.51,231.65,221.22,790.0,1.3,9.08,Bad
30.78,7.2,51.91,30.2,5.87,28.82,78.96,942.09,27.17,92000.0,1.1,5.13,Bad
28.65,6.82,44.19,27.88,5.67,199.76,80.25,248.31,92.92,112.15,1.54,8.23,Bad
29.93,7.1,44.29,25.72,4.9,132.68,109.64,149.91,37.44,790.0,2.03,9.37,Bad
27.78,7.03,43.86,26.66,4.71,33.66,147.75,108.22,750.13,313.02,1.75,10.53,Bad
29.36,7.22,43.26,25.33,5.07,144.64,105.02,164.94,71.21,790.0,1.9,9.32,Bad
29.67,7.5,29.77,17.36,2.8,25.26,191.62,1905.12,76.15,160000.7,2.15,8.22,Bad
27.34,7.62,39.65,23.97,5.67,186.65,88.79,217.74,189.94,790.0,1.43,9.13,Bad
28.67,6.8,26.78,17.25,4.64,15.5,107.08,203.61,177.28,2529.31,0.79,3.64,Bad
28.94,7.47,47.08,28.07,5.24,201.57,43.07,387.42,102.9,790.0,4.63,16.18,Bad
31.65,7.31,19.99,11.94,4.28,39.31,191.66,256.3,148.4,9706.9,0.12,5.85,Bad
28.29,6.79,27.43,17.69,4.82,8.45,93.38,189.99,175.47,2370.19,0.8,3.56,Bad
28.24,6.77,27.76,17.98,4.77,8.59,92.88,193.97,176.91,2387.13,0.8,3.5,Bad
28.06,6.85,42.63,26.23,5.04,110.1,97.33,125.63,137.9,190.84,1.58,8.93,Bad
27.98,7.49,40.78,24.39,5.48,173.51,93.87,201.22,152.79,790.0,1.57,9.19,Bad
30.04,7.2,23.14,13.72,4.92,47.48,144.11,199.62,119.73,7522.62,0.42,6.53,Bad
27.95,6.93,33.36,20.44,5.02,56.16,146.8,94.68,121.51,2400.0,1.6,8.26,Bad
30.19,6.95,42.74,24.69,4.75,119.93,108.16,139.18,13.33,820.53,2.0,9.14,Bad
27.74,6.87,41.78,25.33,4.7,60.97,106.69,58.4,162.55,233.97,1.6,9.32,Bad
29.91,7.43,50.51,30.2,5.81,85.95,59.97,726.41,21.16,92000.0,1.06,5.66,Bad
27.88,7.51,40.62,24.33,5.51,175.4,93.13,203.6,158.15,790.0,1.55,9.18,Bad
27.33,7.3,33.96,20.53,4.6,28.69,54.55,833.33,39.81,160000.88,1.97,13.0,Bad
29.33,7.58,49.59,30.2,5.78,123.63,47.43,584.11,17.19,92000.0,1.04,6.0,Bad
27.62,7.1,27.46,16.08,5.84,68.99,78.43,116.8,89.19,7004.99,0.99,7.49,Bad
25.47,7.28,38.85,24.46,6.34,25.34,48.6,602.16,60.66,160000.85,1.53,15.9,Bad
28.21,6.75,27.93,18.14,4.73,8.67,92.61,196.15,177.69,2396.38,0.8,3.47,Bad
29.73,7.19,23.7,14.02,5.04,50.27,135.6,188.88,115.77,7455.5,0.49,6.65,Bad
29.02,7.31,29.52,16.97,3.02,31.73,59.95,1042.86,20.92,160000.9,2.37,10.38,Bad
28.1,7.47,41.0,24.48,5.45,170.88,94.88,197.92,145.37,790.0,1.6,9.2,Bad
28.97,6.8,45.04,28.77,6.01,248.25,71.01,314.67,68.59,69.58,1.53,7.84,Bad
30.63,7.22,22.09,13.14,4.7,42.24,160.13,219.82,127.18,7648.85,0.28,6.3,Bad
28.62,6.94,25.37,15.85,5.2,7.52,96.58,164.48,166.24,2261.61,0.8,3.94,Bad
29.0,7.67,49.06,30.2,5.76,145.2,40.26,502.7,14.92,92000.0,1.02,6.2,Bad
28.54,7.38,41.8,24.78,5.31,161.65,98.45,186.32,119.29,790.0,1.71,9.24,Bad
31.22,7.21,31.51,18.52,4.53,49.67,132.79,323.73,112.52,3881.87,1.35,8.16,Bad
28.65,6.95,25.15,15.65,5.24,7.43,96.92,161.77,165.26,2250.09,0.8,3.98,Bad
28.04,6.87,31.5,19.66,4.91,39.71,127.98,130.15,141.09,2400.0,1.32,6.59,Bad
28.79,7.01,24.28,14.87,5.41,7.04,98.28,150.99,161.36,2204.22,0.8,4.14,Bad
29.89,6.92,23.64,14.81,4.44,32.98,144.6,220.61,175.43,2861.93,0.75,4.1,Bad
29.48,7.32,28.29,15.99,2.58,32.57,61.45,1100.87,15.68,160000.9,2.48,9.65,Bad
29.98,7.2,23.26,13.78,4.95,48.05,142.39,197.45,118.93,7509.05,0.43,6.56,Bad
31.0,7.3,40.97,23.97,4.81,44.69,84.62,387.28,64.92,4339.87,1.87,10.88,Bad
28.05,7.3,32.07,19.02,3.93,29.99,56.85,922.61,31.76,160000.89,2.14,11.88,Bad
28.84,6.81,44.7,28.41,5.87,228.62,74.75,287.81,78.44,86.82,1.53,8.0,Bad
30.42,7.29,51.34,30.2,5.85,52.02,71.25,854.5,24.73,92000.0,1.08,5.35,Bad
29.15,7.79,34.22,21.21,3.9,12.33,393.27,3066.44,180.11,160000.36,1.45,7.23,Bad
28.6,7.51,45.75,27.36,5.33,201.0,49.64,362.71,121.84,790.0,4.1,15.05,Bad
27.65,7.3,33.12,19.86,4.3,29.26,55.57,872.68,36.26,160000.88,2.04,12.51,Bad
29.75,7.46,29.12,16.8,2.64,27.14,162.37,1736.67,61.07,160000.75,2.25,8.36,Bad
31.62,7.26,20.33,12.18,4.32,33.43,187.02,253.72,139.68,7860.76,0.04,5.9,Bad
26.82,7.73,38.7,23.61,5.82,197.6,84.56,231.49,220.86,790.0,1.3,9.08,Bad
28.5,6.83,43.79,27.46,5.51,176.71,84.64,216.77,104.48,132.38,1.55,8.41,Bad
29.39,7.41,48.85,29.0,5.12,202.32,34.4,420.03,77.91,790.0,5.33,17.67,Bad
29.36,7.31,28.62,16.25,2.7,32.35,61.05,1085.43,17.08,160000.9,2.45,9.85,Bad
28.65,6.95,25.16,15.66,5.24,7.43,96.91,161.86,165.29,2250.46,0.8,3.98,Bad
31.74,7.29,20.0,11.98,4.26,34.94,191.86,258.45,144.67,8655.54,0.05,5.84,Bad
28.6,6.93,25.46,15.92,5.19,7.56,96.45,165.55,166.62,2266.15,0.8,3.92,Bad
31.16,7.23,34.27,20.11,4.61,48.22,118.73,342.29,98.62,4015.58,1.51,8.95,Bad
28.54,6.9,25.83,16.25,5.12,7.73,95.88,170.1,168.27,2285.54,0.8,3.85,Bad
31.48,7.1,20.15,11.97,4.19,55.66,190.69,247.37,169.73,3331.47,0.74,4.9,Bad
27.07,7.68,39.15,23.78,5.75,192.42,86.55,224.99,206.25,790.0,1.36,9.1,Bad
30.9,7.5,19.93,11.65,4.42,78.25,189.92,237.09,181.58,19078.28,0.76,5.97,Bad
29.77,6.97,28.39,16.04,4.61,16.47,171.7,156.47,571.21,2200.0,1.35,12.28,Bad
30.67,7.22,22.01,13.1,4.68,41.84,161.34,221.34,127.74,7658.37,0.27,6.28,Bad
28.51,6.89,26.04,16.45,5.08,7.82,95.54,172.81,169.25,2297.06,0.8,3.82,Bad
28.12,7.47,41.04,24.49,5.44,170.42,95.06,197.34,144.07,790.0,1.61,9.2,Bad
29.53,6.98,27.34,15.73,4.81,14.08,153.24,154.84,467.89,2200.0,1.21,10.23,Bad
25.36,7.28,39.15,24.69,6.45,25.14,48.24,588.4,61.9,160000.85,1.5,16.07,Bad
28.24,6.77,27.73,17.96,4.77,8.58,92.91,193.71,176.81,2386.0,0.8,3.51,Bad
29.92,6.96,29.02,16.22,4.49,17.88,182.62,157.44,632.3,2200.0,1.43,13.49,Bad
27.78,7.03,43.8,26.62,4.71,34.16,146.76,106.75,735.58,311.2,1.75,10.5,Bad
28.55,7.79,48.34,30.2,5.73,174.66,30.46,391.46,11.83,92000.0,1.01,6.47,Bad
28.03,7.3,32.12,19.06,3.95,29.95,56.79,920.04,31.99,160000.88,2.13,11.92,Bad
27.77,7.02,43.68,26.54,4.71,35.3,144.55,103.45,703.0,307.13,1.74,10.44,Bad
29.3,7.23,43.16,25.29,5.09,145.85,104.55,166.46,74.65,790.0,1.88,9.31,Bad
30.98,7.31,41.88,24.49,4.83,44.21,79.99,393.39,60.34,4383.92,1.92,11.14,Bad
30.39,7.6,24.71,14.41,4.66,85.34,171.73,256.96,175.71,28539.91,1.14,5.66,Bad
29.17,6.79,45.58,29.34,6.23,279.36,65.09,357.23,52.98,42.29,1.51,7.6,Bad
29.16,6.85,25.53,16.28,4.56,22.47,122.05,210.39,176.54,2661.98,0.77,3.82,Bad
31.16,7.23,34.27,20.11,4.61,48.22,118.74,342.27,98.63,4015.49,1.5,8.95,Bad
27.92,6.95,34.01,20.71,5.05,61.88,153.35,82.33,114.69,2400.0,1.69,8.83,Bad
27.97,6.92,32.96,20.27,4.99,52.56,142.69,102.42,125.78,2400.0,1.54,7.89,Bad
27.77,7.02,43.68,26.54,4.71,35.36,144.45,103.3,701.53,306.94,1.74,10.43,Bad
29.3,6.55,30.13,17.51,4.56,97.58,81.57,140.17,15.7,988.13,1.3,7.66,Bad
30.11,7.33,51.65,30.49,4.92,203.51,20.66,471.7,38.32,790.0,6.44,20.03,Bad
30.88,7.17,52.07,30.2,5.88,22.09,81.2,967.52,27.88,92000.0,1.1,5.07,Bad
26.55,7.29,36.02,22.18,5.33,27.28,52.05,736.15,48.58,160000.87,1.78,14.22,Bad
30.22,7.35,51.01,30.2,5.84,65.41,66.8,803.95,23.32,92000.0,1.07,5.47,Bad
29.61,7.32,27.96,15.72,2.47,32.8,61.85,1116.55,14.27,160000.91,2.51,9.46,Bad
31.04,7.28,39.42,23.08,4.76,45.5,92.48,376.91,72.69,4265.15,1.79,10.43,Bad
30.17,7.06,44.72,25.88,4.83,127.76,111.55,143.72,23.52,790.0,2.09,9.39,Bad
29.21,6.79,45.69,29.46,6.27,285.42,63.94,365.52,49.94,36.96,1.51,7.55,Bad
27.8,7.06,44.3,26.95,4.73,29.6,155.65,119.98,866.12,327.51,1.78,10.76,Bad
31.25,7.41,19.96,11.79,4.36,59.97,190.74,246.1,166.0,14680.28,0.46,5.91,Bad
28.83,6.34,23.48,13.73,4.46,85.82,67.57,140.68,16.94,1076.38,0.93,6.88,Bad
28.07,6.85,30.8,19.37,4.87,33.49,120.87,143.54,148.48,2400.0,1.22,5.97,Bad
29.19,7.25,42.95,25.21,5.12,148.28,103.61,169.52,81.52,790.0,1.86,9.3,Bad
30.85,7.36,47.41,27.68,5.0,41.3,51.79,430.58,32.48,4651.93,2.22,12.73,Bad
29.98,7.33,27.1,15.05,2.14,33.0,70.89,1209.85,13.91,160000.9,2.57,8.81,Bad
28.14,6.8,29.38,18.78,4.8,20.88,106.43,170.75,163.5,2400.0,1.0,4.69,Bad
27.71,6.9,42.04,25.45,4.66,50.58,114.84,59.19,266.51,252.56,1.63,9.57,Bad
27.9,6.97,34.4,20.88,5.07,65.38,157.35,74.79,110.52,2400.0,1.75,9.19,Bad
27.75,5.86,8.14,5.0,4.23,58.64,35.24,141.88,19.82,1280.19,0.08,5.08,Bad
28.62,6.94,25.35,15.83,5.21,7.52,96.61,164.25,166.16,2260.65,0.8,3.94,Bad
28.52,6.9,25.96,16.37,5.1,7.79,95.67,171.76,168.87,2292.58,0.8,3.83,Bad
27.93,6.95,33.75,20.6,5.04,59.61,150.74,87.24,117.4,2400.0,1.66,8.6,Bad
27.72,6.9,42.13,25.51,4.66,49.76,116.43,61.57,289.93,255.49,1.63,9.62,Bad
28.38,6.14,17.07,10.08,4.36,74.46,54.07,141.19,18.14,1161.51,0.58,6.13,Bad
28.78,7.01,24.33,14.92,5.4,7.06,98.19,151.63,161.59,2206.95,0.8,4.13,Bad
29.3,7.59,49.54,30.2,5.77,125.66,46.76,576.47,16.98,92000.0,1.04,6.02,Bad
25.37,7.28,39.11,24.67,6.44,25.16,48.28,589.9,61.77,160000.85,1.51,16.05,Bad
28.68,6.97,24.94,15.46,5.28,7.33,97.25,159.14,164.3,2238.88,0.8,4.02,Bad
28.55,6.91,25.76,16.2,5.13,7.7,95.97,169.33,167.99,2282.27,0.8,3.87,Bad
27.88,7.6,42.92,25.85,5.53,199.8,63.55,310.43,161.9,790.0,2.98,12.66,Bad
29.83,6.97,28.66,16.12,4.56,17.08,176.47,156.89,597.85,2200.0,1.39,12.81,Bad
29.17,6.79,45.6,29.36,6.24,280.37,64.9,358.61,52.48,41.4,1.51,7.59,Bad
27.51,8.06,46.67,30.2,5.66,243.02,7.72,133.35,4.63,92000.0,0.96,7.1,Bad
29.14,6.85,25.57,16.32,4.56,22.2,121.47,210.13,176.57,2656.86,0.77,3.82,Bad
27.77,7.11,27.19,15.93,5.78,67.66,82.49,121.91,91.08,7036.96,0.96,7.43,Bad
26.69,7.29,35.63,21.87,5.2,27.55,52.52,754.39,46.93,160000.87,1.82,13.99,Bad
28.82,6.33,23.29,13.62,4.46,85.48,67.17,140.7,16.98,1078.9,0.92,6.86,Bad
28.3,7.85,47.93,30.2,5.71,191.36,24.9,328.4,10.07,92000.0,1.0,6.62,Bad
29.7,6.98,28.08,15.95,4.67,15.76,166.27,155.99,540.81,2200.0,1.31,11.68,Bad
28.69,6.97,24.9,15.43,5.29,7.31,97.31,158.66,164.13,2236.87,0.8,4.02,Bad
29.86,7.58,49.13,29.15,5.49,17.54,84.13,408.99,57.55,51573.81,1.37,3.77,Bad
26.86,7.29,35.2,21.53,5.04,27.84,53.04,774.54,45.12,160000.87,1.86,13.74,Bad
29.17,7.0,25.81,15.28,5.11,10.64,126.62,152.49,318.93,2200.0,1.01,7.28,Bad
30.7,7.22,51.77,30.2,5.87,34.23,77.17,921.66,26.6,92000.0,1.09,5.18,Bad
27.84,6.86,42.04,25.61,4.81,76.22,103.79,79.27,154.9,220.58,1.59,9.2,Bad
29.39,7.66,32.21,19.47,3.4,18.16,302.28,2542.39,133.2,160000.51,1.76,7.68,Bad
28.11,6.85,42.75,26.35,5.09,116.66,96.08,134.6,134.61,185.09,1.58,8.88,Bad
30.06,7.33,51.47,30.4,4.93,203.44,21.51,468.5,40.77,790.0,6.37,19.88,Bad
29.78,6.97,28.43,16.05,4.6,16.56,172.43,156.54,575.29,2200.0,1.36,12.36,Bad
30.12,7.07,44.62,25.84,4.85,128.84,111.13,145.08,26.57,790.0,2.08,9.39,Bad
29.63,7.5,50.07,30.2,5.8,103.77,54.04,659.1,19.28,92000.0,1.05,5.82,Bad
28.52,7.39,41.75,24.76,5.32,162.24,98.22,187.05,120.94,790.0,1.7,9.24,Bad
28.02,7.49,40.85,24.42,5.47,172.63,94.21,200.11,150.3,790.0,1.58,9.19,Bad
29.43,7.17,24.23,14.31,5.15,52.91,127.55,178.74,112.03,7392.11,0.56,6.77,Bad
30.31,7.59,28.48,16.68,4.79,74.86,158.2,280.45,157.45,32098.82,1.18,5.37,Bad
30.73,7.21,51.83,30.2,5.87,31.83,77.96,930.73,26.85,92000.0,1.09,5.16,Bad
27.74,6.96,42.84,25.98,4.68,43.16,129.26,80.68,478.45,279.06,1.68,9.99,Bad
27.78,7.04,43.94,26.71,4.72,32.9,149.23,110.42,771.77,315.72,1.76,10.57,Bad
28.1,7.12,26.6,15.61,5.66,64.71,91.52,133.3,95.28,7108.15,0.88,7.3,Bad
29.59,6.98,27.61,15.81,4.76,14.7,158.03,155.26,494.67,2200.0,1.25,10.76,Bad
29.5,7.32,28.26,15.96,2.57,32.59,61.48,1102.3,15.55,160000.9,2.48,9.63,Bad
27.84,7.01,35.74,21.43,5.15,77.18,170.86,49.35,96.47,2400.0,1.95,10.38,Bad
29.81,7.46,50.36,30.2,5.81,92.24,57.87,702.63,20.49,92000.0,1.06,5.71,Bad
30.83,7.19,51.99,30.2,5.88,25.59,80.04,954.28,27.51,92000.0,1.1,5.1,Bad
30.87,7.35,46.74,27.29,4.98,41.65,55.21,426.08,35.86,4619.47,2.18,12.54,Bad
29.91,7.32,27.18,15.1,2.19,33.33,62.8,1153.28,10.96,160000.91,2.58,9.0,Bad
29.71,6.73,35.96,20.83,4.65,107.91,93.86,139.71,14.6,910.68,1.63,8.35,Bad
27.72,6.91,42.18,25.55,4.67,49.23,117.46,63.1,305.02,257.38,1.64,9.65,Bad
28.81,6.81,44.63,28.34,5.85,224.65,75.51,282.37,80.43,90.3,1.53,8.03,Bad
28.73,7.49,46.23,27.61,5.3,201.21,47.25,371.72,114.93,790.0,4.3,15.46,Bad
28.04,7.48,40.9,24.44,5.46,172.08,94.42,199.43,148.77,790.0,1.59,9.2,Bad
28.77,7.01,24.38,14.96,5.39,7.08,98.12,152.26,161.82,2209.61,0.8,4.12,Bad
29.94,7.35,27.41,15.32,2.22,32.1,84.91,1290.61,21.14,160000.87,2.52,8.74,Bad
25.12,7.28,39.76,25.19,6.67,24.72,47.49,559.4,64.52,160000.85,1.45,16.43,Bad
28.7,7.14,25.54,15.03,5.43,59.44,107.59,153.57,102.75,7234.8,0.74,7.06,Bad
31.45,7.08,19.63,11.7,4.18,55.28,192.45,242.3,173.08,3286.23,0.7,4.69,Bad
28.42,6.77,27.43,17.76,4.68,11.85,99.26,200.06,177.67,2459.91,0.79,3.54,Bad
29.7,7.19,23.74,14.05,5.05,50.46,135.02,188.15,115.51,7450.94,0.5,6.66,Bad
28.44,7.4,41.6,24.71,5.35,163.91,97.57,189.16,125.68,790.0,1.68,9.23,Bad
28.51,7.8,48.27,30.2,5.72,177.6,29.48,380.37,11.52,92000.0,1.0,6.5,Bad
28.75,6.81,44.46,28.16,5.78,214.78,77.39,268.86,85.39,98.97,1.54,8.11,Bad
28.18,6.77,28.48,18.4,4.75,12.94,97.35,187.85,172.95,2400.0,0.87,3.89,Bad
28.38,6.77,27.53,17.83,4.69,11.34,98.16,199.56,177.72,2450.17,0.79,3.53,Bad
29.99,6.86,39.94,23.1,4.7,114.97,102.26,139.4,13.86,857.73,1.85,8.81,Bad
29.4,6.87,24.91,15.8,4.52,25.9,129.41,213.73,176.18,2727.24,0.76,3.91,Bad
28.86,6.82,26.31,16.89,4.61,18.12,112.7,206.16,177.0,2579.15,0.78,3.71,Bad
29.27,6.86,25.26,16.07,4.54,23.97,125.27,211.85,176.39,2690.55,0.77,3.86,Bad
28.67,6.82,44.26,27.95,5.7,203.69,79.5,253.69,90.95,108.7,1.54,8.19,Bad
27.92,6.86,42.24,25.82,4.89,87.63,101.61,94.87,149.18,210.57,1.59,9.11,Bad
29.79,7.44,28.72,16.45,2.54,28.31,144.07,1631.33,51.64,160000.78,2.32,8.45,Bad
29.87,6.8,38.15,22.08,4.68,111.8,98.49,139.54,14.19,881.47,1.75,8.6,Bad
27.74,6.94,42.67,25.87,4.68,44.67,126.33,76.31,435.32,273.67,1.67,9.9,Bad
27.72,6.91,42.15,25.52,4.66,49.57,116.8,62.11,295.29,256.16,1.63,9.63,Bad
28.29,6.84,43.24,26.87,5.29,145.03,90.68,173.42,120.38,160.19,1.57,8.66,Bad
28.05,6.85,42.6,26.19,5.03,108.02,97.73,122.79,138.95,192.67,1.58,8.95,Bad
27.77,7.54,40.42,24.26,5.54,177.73,92.24,206.52,164.71,790.0,1.53,9.17,Bad
29.59,7.17,43.67,25.48,5.01,139.88,106.86,158.96,57.77,790.0,1.95,9.34,Bad
28.72,7.74,48.61,30.2,5.74,163.57,34.15,433.33,12.99,92000.0,1.01,6.37,Bad
24.71,7.27,40.84,26.05,7.05,23.99,46.19,508.61,69.1,160000.84,1.35,17.07,Bad
30.23,7.59,32.04,18.83,4.91,64.99,145.44,302.59,140.25,35452.38,1.21,5.09,Bad
30.39,6.98,22.36,13.82,4.36,40.08,159.84,227.52,174.68,2997.1,0.73,4.29,Bad
29.7,7.49,50.17,30.2,5.8,99.77,55.37,674.2,19.7,92000.0,1.05,5.78,Bad
28.69,6.28,21.45,12.57,4.43,82.21,63.28,140.84,17.33,1103.45,0.82,6.64,Bad
30.46,7.22,22.39,13.31,4.76,43.71,155.64,214.15,125.09,7613.45,0.32,6.36,Bad
28.28,6.84,43.21,26.83,5.27,142.97,91.07,170.6,121.41,162.0,1.57,8.67,Bad
28.31,7.85,47.96,30.2,5.71,190.27,25.26,332.5,10.18,92000.0,1.0,6.61,Bad
29.45,7.63,31.7,19.03,3.28,19.64,279.25,2409.79,121.33,160000.55,1.84,7.79,Bad
30.29,7.59,29.67,17.4,4.83,71.58,153.96,287.81,151.74,33213.29,1.19,5.27,Bad
30.95,7.49,19.93,11.67,4.41,75.4,190.05,238.5,179.14,18391.78,0.72,5.96,Bad
31.72,7.29,19.99,11.97,4.27,36.04,191.81,257.91,145.61,8919.96,0.07,5.84,Bad
27.8,7.06,44.26,26.93,4.73,29.89,155.08,119.14,857.79,326.47,1.78,10.74,Bad
27.7,7.3,32.98,19.75,4.25,29.36,55.74,879.54,35.65,160000.88,2.06,12.42,Bad
30.79,7.2,51.92,30.2,5.87,28.33,79.13,943.96,27.22,92000.0,1.1,5.13,Bad
31.21,7.42,19.95,11.77,4.36,62.04,190.64,245.08,167.77,15177.65,0.5,5.92,Bad
27.97,6.92,32.92,20.26,4.99,52.29,142.37,103.03,126.11,2400.0,1.53,7.86,Bad
29.99,7.2,23.24,13.77,4.94,47.94,142.73,197.87,119.09,7511.67,0.43,6.55,Bad
27.67,7.3,33.07,19.82,4.28,29.3,55.64,875.36,36.02,160000.88,2.05,12.48,Bad
28.16,6.85,42.88,26.49,5.14,124.11,94.66,144.8,130.87,178.55,1.57,8.82,Bad
27.85,7.0,35.45,21.31,5.13,74.65,167.95,54.81,99.49,2400.0,1.91,10.12,Bad
28.58,6.88,50.94,33.38,6.67,91.2,13.45,162.98,1.9,2.3,0.62,4.33,Normal
29.61,7.14,44.26,29.22,6.81,153.96,20.4,197.31,23.31,3.6,0.79,4.82,Normal
30.23,7.81,49.69,30.26,7.5,33.6,32.92,361.24,25.62,790.0,0.69,4.33,Normal
29.43,7.15,49.19,30.13,4.31,12.55,16.38,182.84,23.9,7.8,1.06,9.59,Normal
31.44,7.59,42.3,23.74,4.67,8.68,17.87,220.8,37.98,117.25,0.99,10.27,Normal
27.08,7.15,38.01,24.06,5.73,23.97,66.65,127.24,31.37,20.61,0.61,4.04,Normal
29.11,7.32,46.03,30.03,7.08,95.04,9.94,156.44,3.82,6.97,0.74,8.02,Normal
29.6,7.86,38.2,24.29,5.9,14.67,18.49,210.43,82.33,4900.0,0.61,3.46,Normal
29.57,8.33,49.92,31.67,6.38,10.06,2.81,169.76,13.44,2400.0,0.2,3.03,Normal
29.86,7.03,51.02,32.68,5.42,16.42,26.42,174.37,28.29,6.25,0.27,6.85,Normal
27.59,7.82,33.0,21.7,5.16,33.19,20.48,176.92,27.22,1700.0,3.82,6.98,Normal
29.97,7.72,50.23,30.78,5.71,5.97,4.47,209.08,5.19,1.53,0.5,5.65,Normal
28.55,7.43,49.43,31.15,5.99,72.79,48.98,354.09,77.92,16.85,0.77,4.55,Normal
30.77,8.12,47.07,28.95,6.66,8.91,8.91,145.68,5.41,490.0,0.31,4.71,Normal
28.94,7.76,40.36,24.68,6.39,10.67,7.12,170.86,24.08,490.0,0.34,7.05,Normal
29.07,8.07,50.46,30.35,5.61,2.38,0.76,242.18,6.61,1.67,0.02,6.33,Normal
30.84,7.26,49.72,29.09,4.53,7.48,34.13,167.19,45.46,2.0,0.55,7.57,Normal
29.78,7.96,45.36,27.12,4.68,13.97,6.64,91.78,3.12,1.76,0.71,7.11,Normal
29.3,7.65,46.05,29.96,6.68,5.37,14.46,206.37,5.31,3300.0,0.15,6.19,Normal
26.96,7.17,37.03,23.38,5.92,20.76,80.11,133.54,35.78,38.94,0.67,3.57,Normal
28.46,8.14,44.15,29.95,5.95,3.42,3.28,146.23,12.95,1700.0,2.77,3.25,Normal
27.11,7.14,38.09,24.14,5.72,24.16,64.43,125.91,30.2,15.84,0.61,4.15,Normal
31.03,7.33,26.86,22.62,5.07,46.26,43.64,407.75,68.3,490.0,0.94,4.17,Normal
28.7,7.21,44.37,27.48,6.3,6.31,17.04,185.84,13.36,790.0,0.76,4.92,Normal
25.81,7.51,45.26,29.32,6.64,8.57,10.57,98.56,4.05,330.0,0.44,4.01,Normal
30.22,7.8,49.99,30.12,7.81,34.37,33.5,364.14,25.5,790.0,0.77,4.41,Normal
28.68,7.75,42.88,27.76,7.6,198.3,5.63,180.62,25.29,323.07,1.26,9.76,Normal
28.47,7.0,47.39,31.55,5.59,29.06,23.74,271.45,7.28,490.0,1.0,3.8,Normal
28.49,7.8,36.63,24.57,5.84,17.55,50.13,411.87,85.58,490.0,0.67,3.99,Normal
28.45,7.17,39.59,23.59,5.25,23.39,10.05,114.0,47.4,11.7,0.76,12.4,Normal
30.97,8.04,45.86,27.0,6.27,8.43,11.3,154.24,4.27,490.0,0.48,4.77,Normal
29.3,7.28,42.71,27.48,6.78,142.66,22.55,185.07,33.92,272.99,0.98,5.83,Normal
28.61,7.34,46.05,28.0,5.42,2.83,1.99,117.66,5.56,2400.0,0.06,5.58,Normal
27.06,7.15,37.87,23.96,5.75,23.5,68.61,128.16,32.01,23.28,0.62,3.97,Normal
31.4,7.6,41.9,23.5,4.54,6.8,18.47,232.06,27.41,113.73,1.04,12.13,Normal
25.17,7.34,44.07,28.46,6.91,11.65,16.11,100.46,6.36,330.0,0.43,4.69,Normal
28.96,7.95,45.12,28.43,5.26,10.37,13.75,113.2,78.89,5.36,0.31,5.36,Normal
28.63,7.78,36.11,24.46,5.8,19.08,49.78,411.65,84.66,490.0,0.69,4.0,Normal
28.21,7.8,43.56,26.19,4.75,8.17,7.16,116.9,3.57,33.0,0.7,4.55,Normal
28.43,8.03,49.72,30.18,6.23,25.06,38.79,350.5,22.64,24.67,0.81,5.08,Normal
27.92,8.03,49.31,30.11,6.19,36.34,46.88,306.22,12.76,160000.52,1.16,5.33,Normal
30.09,6.75,33.47,28.4,5.61,31.45,159.23,104.15,122.18,330.0,1.03,4.93,Normal
28.94,7.76,40.36,24.68,6.39,10.66,7.12,170.86,24.08,490.0,0.34,7.05,Normal
28.9,7.46,45.33,29.38,6.48,4.54,17.68,212.18,5.05,3300.0,0.07,6.48,Normal
32.17,7.24,53.63,30.52,6.54,3.23,10.84,137.23,9.57,237.21,0.27,3.72,Normal
28.4,7.05,32.99,20.49,5.2,16.51,150.07,125.0,96.14,220.76,0.5,9.16,Normal
28.26,7.63,40.43,24.1,5.47,21.35,21.59,121.06,22.34,1100.0,0.44,4.31,Normal
28.02,7.78,49.36,30.16,5.14,19.75,24.88,255.66,8.75,160000.74,0.97,4.28,Normal
23.88,7.48,48.15,30.95,6.96,3.09,5.94,121.67,4.39,33.0,0.33,3.55,Normal
30.34,7.26,49.54,28.92,5.36,189.88,35.52,321.55,19.45,130.0,3.7,13.88,Normal
29.38,7.21,42.72,25.09,5.34,19.17,7.58,114.0,43.61,14.38,0.63,10.51,Normal
28.42,7.96,49.73,30.37,6.42,37.13,36.13,347.8,36.91,31.18,0.93,5.56,Normal
29.18,8.06,46.99,30.18,5.61,11.07,11.0,120.33,78.41,5.02,0.22,4.58,Normal
29.44,8.14,49.67,31.29,5.83,5.88,1.26,245.63,6.7,1.71,0.45,4.84,Normal
28.93,8.3,48.32,31.74,6.39,2.13,6.31,121.16,21.08,1700.0,0.0,2.17,Normal
29.25,8.13,38.88,23.55,6.95,10.02,7.98,186.55,21.93,1100.0,0.42,3.45,Normal
28.99,7.53,50.08,30.26,6.6,9.6,19.46,167.3,25.38,490.0,1.1,4.27,Normal
27.69,7.34,47.0,28.82,6.38,37.85,46.51,226.84,34.21,330.0,1.38,9.03,Normal
29.08,8.12,38.18,23.48,7.17,10.94,6.78,194.38,24.66,1100.0,0.44,3.43,Normal
29.54,8.24,43.95,26.43,6.54,98.66,13.18,181.38,12.39,2400.0,0.93,6.2,Normal
30.98,8.02,46.17,27.57,5.93,6.38,11.32,161.81,4.55,490.0,0.45,4.28,Normal
28.43,8.03,49.72,30.19,6.25,25.85,38.35,350.13,23.58,25.54,0.82,5.15,Normal
30.64,7.0,50.57,32.26,5.95,53.99,22.14,142.78,5.67,1.96,0.0,2.75,Normal
29.11,8.03,46.41,29.64,5.5,10.85,11.86,118.12,78.56,5.12,0.25,4.82,Normal
30.25,7.82,49.14,30.5,6.93,32.18,31.83,355.92,25.85,790.0,0.53,4.17,Normal
28.06,7.53,36.63,21.68,4.86,9.81,7.94,129.41,5.13,0.93,0.47,6.17,Normal
29.43,7.15,49.22,30.18,4.33,12.63,16.46,182.77,23.88,7.8,1.05,9.55,Normal
26.75,7.17,38.54,24.18,5.28,34.23,26.88,104.76,34.74,1100.0,0.57,4.86,Normal
28.66,7.9,38.58,23.99,6.87,7.74,7.0,171.8,22.86,490.0,0.46,8.23,Normal
26.91,7.09,44.93,29.03,5.7,18.07,21.32,121.61,3.32,1.85,0.0,2.55,Normal
29.65,8.06,42.97,28.0,6.94,93.36,4.29,131.66,5.48,7.38,0.44,8.03,Normal
21.88,7.51,47.94,31.04,7.68,12.15,5.42,61.76,24.31,788.71,0.42,6.59,Normal
30.22,7.8,49.95,30.14,7.77,34.26,33.42,363.74,25.51,790.0,0.76,4.4,Normal
27.13,7.64,35.0,21.01,5.18,13.02,16.85,117.07,5.02,130.0,0.52,5.59,Normal
26.87,7.23,49.65,31.28,6.96,14.63,7.55,146.28,13.98,790.0,0.0,4.08,Normal
31.08,7.32,26.67,22.58,5.05,46.83,43.51,407.66,67.96,490.0,0.94,4.18,Normal
29.09,7.83,48.03,28.67,5.45,7.68,35.31,373.22,4.8,5.5,0.49,3.78,Normal
27.97,7.9,49.34,30.14,5.62,27.29,34.88,278.65,10.57,160000.64,1.05,4.76,Normal
30.05,7.08,50.76,31.98,5.25,14.66,27.94,172.96,31.67,5.41,0.32,6.99,Normal
27.32,7.56,48.65,31.74,6.78,16.45,6.35,154.93,13.48,790.0,0.22,3.96,Normal
28.95,8.31,47.94,31.46,6.4,3.04,5.36,124.5,19.22,1700.0,0.0,2.05,Normal
30.55,7.24,50.62,29.55,6.2,2.85,2.87,102.82,17.65,330.0,0.58,3.65,Normal
29.87,8.22,48.97,32.23,6.25,8.81,3.79,254.11,6.67,3.77,0.73,3.64,Normal
30.24,7.35,46.1,26.77,5.09,184.66,33.21,329.19,22.23,130.0,3.2,13.52,Normal
28.92,8.29,48.5,31.88,6.39,1.71,6.75,119.61,21.95,1700.0,0.0,2.22,Normal
22.21,7.51,48.13,31.01,7.65,12.76,5.21,64.69,24.49,790.0,0.4,6.56,Normal
29.4,7.81,37.76,24.17,5.52,13.37,18.41,287.91,84.39,4777.27,0.35,3.57,Normal
27.23,7.26,45.16,28.71,6.71,20.34,21.38,160.63,13.02,14289.74,0.6,3.39,Normal
27.41,7.17,43.61,26.67,4.42,8.86,15.63,45.28,4.44,701.49,0.7,3.16,Normal
28.12,7.27,44.02,28.56,6.6,5.99,14.89,102.95,3.61,330.0,0.29,4.07,Normal
28.9,8.08,48.09,31.04,6.15,1.48,1.38,146.03,13.88,2400.0,0.02,3.05,Normal
31.44,7.59,42.29,23.73,4.67,8.6,17.89,221.29,37.53,117.1,0.99,10.35,Normal
29.16,7.84,50.54,30.28,6.28,19.75,77.73,356.07,13.48,314.31,0.83,4.35,Normal
28.78,7.38,50.14,29.65,6.35,21.67,4.32,107.6,22.73,790.0,0.13,5.28,Normal
29.11,8.02,46.3,27.48,7.43,1.33,2.4,77.06,4.55,9.57,0.62,5.15,Very Good
28.4,7.99,46.32,27.76,6.96,5.66,7.31,11.49,3.64,16.04,0.69,6.27,Very Good
28.62,8.0,46.31,27.67,7.1,4.34,5.82,31.44,3.91,14.07,0.67,5.93,Very Good
28.41,7.99,46.32,27.76,6.96,5.62,7.27,12.07,3.64,15.99,0.69,6.26,Very Good
28.53,7.99,46.32,27.71,7.04,4.9,6.45,23.05,3.8,14.9,0.68,6.08,Very Good
28.87,8.01,46.31,27.57,7.27,2.77,4.04,55.2,4.24,11.73,0.64,5.52,Very Good
29.12,8.02,46.3,27.47,7.44,1.26,2.32,78.04,4.56,9.47,0.62,5.13,Very Good
29.16,8.02,46.3,27.46,7.47,1.0,2.02,82.02,4.62,9.08,0.61,5.06,Very Good
28.31,7.98,46.32,27.8,6.89,6.26,7.99,2.46,3.51,16.94,0.7,6.43,Very Good
28.79,8.0,46.31,27.6,7.22,3.29,4.62,47.4,4.14,12.5,0.65,5.66,Very Good
28.72,8.0,46.31,27.63,7.17,3.73,5.12,40.71,4.04,13.16,0.66,5.77,Very Good
28.52,7.99,46.32,27.71,7.04,4.93,6.49,22.51,3.79,14.96,0.68,6.08,Very Good
28.42,7.99,46.32,27.75,6.97,5.56,7.2,12.98,3.66,15.9,0.69,6.25,Very Good
28.64,8.0,46.31,27.66,7.12,4.22,5.68,33.27,3.94,13.89,0.67,5.9,Very Good
28.36,7.98,46.32,27.78,6.93,5.95,7.64,7.13,3.57,16.47,0.69,6.35,Very Good
28.62,8.0,46.31,27.67,7.11,4.31,5.78,31.93,3.92,14.03,0.67,5.92,Very Good
28.78,8.0,46.31,27.61,7.21,3.34,4.68,46.65,4.13,12.57,0.65,5.67,Very Good
28.6,7.99,46.31,27.68,7.09,4.47,5.96,29.49,3.89,14.27,0.67,5.96,Very Good
28.94,8.01,46.31,27.55,7.32,2.38,3.59,61.11,4.33,11.15,0.64,5.42,Very Good
29.27,8.03,46.3,27.41,7.54,0.31,1.25,92.37,4.76,8.06,0.6,4.89,Very Good
28.34,7.98,46.32,27.78,6.92,6.07,7.78,5.31,3.55,16.65,0.7,6.38,Very Good
28.55,7.99,46.31,27.7,7.06,4.75,6.28,25.27,3.83,14.68,0.67,6.04,Very Good
28.8,8.01,46.31,27.6,7.23,3.2,4.53,48.66,4.15,12.37,0.65,5.64,Very Good
29.0,8.01,46.31,27.52,7.36,1.99,3.15,66.96,4.41,10.57,0.63,5.32,Very Good
29.02,8.02,46.31,27.51,7.37,1.89,3.04,68.46,4.43,10.42,0.63,5.3,Very Good
29.26,8.03,46.3,27.41,7.54,0.37,1.31,91.56,4.75,8.14,0.6,4.9,Very Good
28.69,8.0,46.31,27.64,7.15,3.89,5.31,38.19,4.01,13.41,0.66,5.82,Very Good
28.8,8.0,46.31,27.6,7.22,3.24,4.56,48.16,4.15,12.42,0.65,5.64,Very Good
29.25,8.03,46.3,27.42,7.53,0.46,1.41,90.2,4.73,8.27,0.61,4.92,Very Good
29.02,8.02,46.31,27.51,7.37,1.86,3.0,69.03,4.44,10.36,0.63,5.29,Very Good
29.21,8.03,46.3,27.44,7.5,0.71,1.69,86.45,4.68,8.64,0.61,4.99,Very Good
28.54,7.99,46.32,27.7,7.05,4.82,6.37,24.13,3.81,14.8,0.68,6.06,Very Good
29.16,8.02,46.3,27.46,7.46,1.03,2.06,81.5,4.61,9.13,0.61,5.07,Very Good
28.81,8.01,46.31,27.6,7.23,3.16,4.47,49.39,4.16,12.3,0.65,5.62,Very Good
28.31,7.98,46.32,27.79,6.9,6.21,7.94,3.15,3.52,16.87,0.7,6.42,Very Good
28.54,7.99,46.32,27.7,7.05,4.81,6.35,24.37,3.81,14.77,0.68,6.05,Very Good
28.63,8.0,46.31,27.67,7.11,4.28,5.75,32.36,3.93,13.98,0.67,5.92,Very Good
29.06,8.02,46.3,27.5,7.4,1.61,2.72,72.79,4.49,9.99,0.62,5.22,Very Good
28.54,7.99,46.32,27.7,7.05,4.84,6.38,23.96,3.81,14.81,0.68,6.06,Very Good
29.03,8.02,46.31,27.51,7.38,1.81,2.95,69.67,4.45,10.3,0.63,5.27,Very Good
28.67,8.0,46.31,27.65,7.14,4.03,5.47,36.08,3.98,13.62,0.66,5.85,Very Good
28.93,8.01,46.31,27.55,7.31,2.4,3.62,60.73,4.32,11.18,0.64,5.43,Very Good
28.67,8.0,46.31,27.65,7.14,4.04,5.48,35.96,3.98,13.63,0.66,5.85,Very Good
28.76,8.0,46.31,27.61,7.2,3.44,4.8,45.07,4.1,12.73,0.65,5.7,Very Good
29.21,8.03,46.3,27.44,7.5,0.7,1.68,86.59,4.68,8.63,0.61,4.98,Very Good
28.46,7.99,46.32,27.73,7.0,5.29,6.89,17.16,3.71,15.48,0.68,6.18,Very Good
28.98,8.01,46.31,27.53,7.35,2.12,3.29,65.11,4.38,10.75,0.63,5.35,Very Good
28.49,7.99,46.32,27.73,7.01,5.15,6.74,19.19,3.74,15.28,0.68,6.14,Very Good
29.26,8.03,46.3,27.42,7.53,0.39,1.34,91.2,4.75,8.18,0.6,4.91,Very Good
28.71,8.0,46.31,27.64,7.16,3.78,5.18,39.93,4.03,13.24,0.66,5.79,Very Good
28.98,8.01,46.31,27.53,7.34,2.13,3.3,64.95,4.38,10.77,0.63,5.36,Very Good
29.28,8.03,46.3,27.41,7.55,0.24,1.17,93.45,4.78,7.95,0.6,4.87,Very Good
28.81,8.01,46.31,27.6,7.23,3.15,4.46,49.53,4.17,12.29,0.65,5.62,Very Good
29.07,8.02,46.3,27.49,7.41,1.54,2.63,73.89,4.51,9.88,0.62,5.2,Very Good
28.95,8.01,46.31,27.54,7.32,2.33,3.53,61.93,4.34,11.06,0.64,5.41,Very Good
29.13,8.02,46.3,27.47,7.44,1.21,2.27,78.75,4.57,9.4,0.62,5.12,Very Good
28.61,8.0,46.31,27.68,7.1,4.4,5.88,30.61,3.9,14.16,0.67,5.95,Very Good
28.69,8.0,46.31,27.65,7.15,3.92,5.34,37.85,4.0,13.44,0.66,5.82,Very Good
29.24,8.03,46.3,27.43,7.52,0.53,1.49,89.1,4.72,8.38,0.61,4.94,Very Good
28.44,7.99,46.32,27.74,6.98,5.45,7.08,14.63,3.68,15.73,0.69,6.22,Very Good
28.64,8.0,46.31,27.66,7.12,4.2,5.66,33.59,3.94,13.86,0.67,5.89,Very Good
28.41,7.99,46.32,27.75,6.97,5.6,7.25,12.38,3.65,15.96,0.69,6.26,Very Good
29.22,8.03,46.3,27.43,7.51,0.6,1.58,87.98,4.7,8.49,0.61,4.96,Very Good
29.18,8.02,46.3,27.45,7.48,0.9,1.91,83.57,4.64,8.93,0.61,5.04,Very Good
28.56,7.99,46.31,27.7,7.06,4.71,6.24,25.85,3.84,14.63,0.67,6.03,Very Good
28.64,8.0,46.31,27.66,7.12,4.21,5.66,33.5,3.94,13.87,0.67,5.9,Very Good
28.48,7.99,46.32,27.73,7.01,5.17,6.76,18.84,3.74,15.32,0.68,6.15,Very Good
28.86,8.01,46.31,27.58,7.26,2.88,4.16,53.55,4.22,11.89,0.64,5.55,Very Good
28.77,8.0,46.31,27.61,7.21,3.4,4.75,45.64,4.11,12.67,0.65,5.69,Very Good
29.06,8.02,46.3,27.5,7.4,1.63,2.74,72.46,4.49,10.03,0.62,5.23,Very Good
29.21,8.03,46.3,27.44,7.5,0.71,1.7,86.32,4.68,8.66,0.61,4.99,Very Good
28.4,7.99,46.32,27.76,6.96,5.67,7.32,11.39,3.63,16.05,0.69,6.28,Very Good
29.2,8.03,46.3,27.44,7.49,0.75,1.75,85.72,4.67,8.72,0.61,5.0,Very Good
28.67,8.0,46.31,27.65,7.14,4.04,5.48,36.0,3.98,13.62,0.66,5.85,Very Good
28.64,8.0,46.31,27.66,7.12,4.21,5.67,33.4,3.94,13.88,0.67,5.9,Very Good
28.95,8.01,46.31,27.54,7.33,2.29,3.49,62.46,4.35,11.01,0.63,5.4,Very Good
28.57,7.99,46.31,27.69,7.07,4.61,6.12,27.35,3.86,14.48,0.67,6.0,Very Good
28.4,7.99,46.32,27.76,6.96,5.67,7.32,11.4,3.63,16.05,0.69,6.28,Very Good
29.19,8.02,46.3,27.45,7.48,0.84,1.84,84.48,4.65,8.84,0.61,5.02,Very Good
28.52,7.99,46.32,27.71,7.04,4.94,6.5,22.32,3.79,14.97,0.68,6.09,Very Good
28.94,8.01,46.31,27.54,7.32,2.35,3.55,61.64,4.33,11.09,0.64,5.41,Very Good
29.22,8.03,46.3,27.43,7.5,0.66,1.64,87.16,4.69,8.57,0.61,4.97,Very Good
28.46,7.99,46.32,27.74,7.0,5.3,6.91,16.87,3.71,15.51,0.68,6.18,Very Good
28.4,7.99,46.32,27.76,6.96,5.68,7.33,11.26,3.63,16.07,0.69,6.28,Very Good
28.91,8.01,46.31,27.56,7.3,2.56,3.8,58.32,4.29,11.42,0.64,5.47,Very Good
28.31,7.98,46.32,27.8,6.9,6.24,7.98,2.67,3.51,16.92,0.7,6.43,Very Good
29.2,8.02,46.3,27.44,7.49,0.77,1.76,85.54,4.67,8.73,0.61,5.0,Very Good
28.96,8.01,46.31,27.53,7.33,2.21,3.4,63.64,4.36,10.9,0.63,5.38,Very Good
29.29,8.03,46.3,27.4,7.56,0.17,1.09,94.53,4.79,7.85,0.6,4.85,Very Good
29.14,8.02,46.3,27.46,7.45,1.13,2.17,80.01,4.59,9.28,0.62,5.1,Very Good
28.75,8.0,46.31,27.62,7.19,3.52,4.89,43.86,4.09,12.85,0.65,5.72,Very Good
28.61,8.0,46.31,27.68,7.1,4.4,5.89,30.52,3.9,14.17,0.67,5.95,Very Good
28.65,8.0,46.31,27.66,7.12,4.16,5.61,34.24,3.95,13.8,0.67,5.88,Very Good
29.08,8.02,46.3,27.49,7.41,1.52,2.62,74.1,4.51,9.86,0.62,5.2,Very Good
28.59,7.99,46.31,27.68,7.08,4.53,6.03,28.63,3.87,14.35,0.67,5.98,Very Good
29.06,8.02,46.3,27.49,7.4,1.6,2.71,72.89,4.49,9.98,0.62,5.22,Very Good
28.97,8.01,46.31,27.53,7.34,2.14,3.32,64.68,4.38,10.79,0.63,5.36,Very Good
28.55,7.99,46.31,27.7,7.06,4.74,6.27,25.43,3.83,14.67,0.67,6.03,Very Good
28.65,8.0,46.31,27.66,7.12,4.14,5.59,34.46,3.96,13.78,0.66,5.88,Very Good
29.15,8.02,46.3,27.46,7.46,1.07,2.1,80.95,4.6,9.19,0.62,5.08,Very Good
28.96,8.01,46.31,27.54,7.33,2.25,3.44,63.09,4.35,10.95,0.63,5.39,Very Good
28.73,8.0,46.31,27.63,7.18,3.64,5.02,42.04,4.06,13.03,0.66,5.75,Very Good
29.21,8.03,46.3,27.44,7.5,0.72,1.7,86.27,4.68,8.66,0.61,4.99,Very Good
28.93,8.01,46.31,27.55,7.31,2.41,3.62,60.73,4.32,11.18,0.64,5.43,Very Good
29.03,8.02,46.31,27.51,7.38,1.77,2.9,70.29,4.46,10.24,0.63,5.26,Very Good
29.06,8.02,46.3,27.5,7.4,1.64,2.76,72.26,4.48,10.04,0.62,5.23,Very Good
28.33,7.98,46.32,27.79,6.91,6.13,7.85,4.33,3.54,16.75,0.7,6.4,Very Good
28.91,8.01,46.31,27.56,7.3,2.56,3.8,58.37,4.29,11.42,0.64,5.47,Very Good
28.41,7.99,46.32,27.76,6.96,5.64,7.29,11.87,3.64,16.01,0.69,6.27,Very Good
28.93,8.01,46.31,27.55,7.31,2.41,3.63,60.63,4.32,11.19,0.64,5.43,Very Good
28.51,7.99,46.32,27.72,7.03,5.04,6.61,20.93,3.77,15.11,0.68,6.11,Very Good
28.8,8.01,46.31,27.6,7.23,3.2,4.53,48.65,4.15,12.38,0.65,5.64,Very Good
28.72,8.0,46.31,27.63,7.17,3.69,5.08,41.24,4.05,13.11,0.66,5.76,Very Good
28.81,8.01,46.31,27.6,7.23,3.17,4.49,49.1,4.16,12.33,0.65,5.63,Very Good
28.5,7.99,46.32,27.72,7.02,5.1,6.68,20.0,3.75,15.2,0.68,6.13,Very Good
28.58,7.99,46.31,27.69,7.08,4.59,6.1,27.67,3.86,14.45,0.67,6.0,Very Good
28.58,7.99,46.31,27.69,7.08,4.57,6.08,27.98,3.87,14.42,0.67,5.99,Very Good
29.28,8.03,46.3,27.41,7.54,0.29,1.22,92.73,4.77,8.02,0.6,4.88,Very Good
28.65,8.0,46.31,27.66,7.13,4.12,5.56,34.85,3.96,13.74,0.66,5.87,Very Good
28.48,7.99,46.32,27.73,7.01,5.21,6.8,18.31,3.73,15.37,0.68,6.16,Very Good
28.36,7.98,46.32,27.78,6.93,5.93,7.62,7.36,3.58,16.45,0.69,6.34,Very Good
29.25,8.03,46.3,27.42,7.53,0.42,1.37,90.71,4.74,8.22,0.6,4.91,Very Good
28.39,7.98,46.32,27.77,6.95,5.78,7.44,9.74,3.61,16.22,0.69,6.3,Very Good
28.67,8.0,46.31,27.65,7.14,4.02,5.45,36.31,3.98,13.59,0.66,5.85,Very Good
28.32,7.98,46.32,27.79,6.9,6.2,7.93,3.25,3.52,16.86,0.7,6.42,Very Good
28.37,7.98,46.32,27.77,6.94,5.86,7.54,8.49,3.59,16.34,0.69,6.33,Very Good
28.87,8.01,46.31,27.57,7.27,2.78,4.04,55.1,4.24,11.74,0.64,5.53,Very Good
29.27,8.03,46.3,27.41,7.54,0.35,1.28,91.89,4.76,8.11,0.6,4.89,Very Good
28.34,7.98,46.32,27.79,6.91,6.08,7.79,5.2,3.55,16.67,0.7,6.38,Very Good
28.45,7.99,46.32,27.74,6.99,5.39,7.01,15.51,3.69,15.65,0.69,6.2,Very Good
29.01,8.02,46.31,27.52,7.36,1.95,3.11,67.56,4.42,10.51,0.63,5.31,Very Good
28.69,8.0,46.31,27.65,7.15,3.93,5.35,37.7,4.0,13.46,0.66,5.82,Very Good
29.15,8.02,46.3,27.46,7.46,1.06,2.09,81.13,4.61,9.17,0.61,5.08,Very Good
28.62,8.0,46.31,27.67,7.1,4.35,5.82,31.34,3.91,14.08,0.67,5.93,Very Good
28.47,7.99,46.32,27.73,7.0,5.26,6.86,17.61,3.72,15.44,0.68,6.17,Very Good
28.86,8.01,46.31,27.58,7.26,2.87,4.15,53.7,4.22,11.88,0.64,5.55,Very Good
29.24,8.03,46.3,27.43,7.52,0.53,1.5,89.05,4.72,8.39,0.61,4.94,Very Good
29.0,8.01,46.31,27.52,7.36,2.01,3.17,66.67,4.4,10.6,0.63,5.33,Very Good
28.87,8.01,46.31,27.57,7.27,2.79,4.06,54.93,4.24,11.76,0.64,5.53,Very Good
28.4,7.98,46.32,27.76,6.96,5.7,7.36,10.87,3.63,16.11,0.69,6.28,Very Good
28.68,8.0,46.31,27.65,7.15,3.93,5.35,37.69,4.0,13.46,0.66,5.82,Very Good
29.29,8.03,46.3,27.4,7.55,0.2,1.12,94.07,4.79,7.89,0.6,4.86,Very Good
29.16,8.02,46.3,27.46,7.47,1.0,2.03,81.95,4.62,9.09,0.61,5.06,Very Good
28.78,8.0,46.31,27.61,7.21,3.33,4.67,46.7,4.13,12.57,0.65,5.67,Very Good
28.42,7.99,46.32,27.75,6.97,5.54,7.18,13.24,3.66,15.87,0.69,6.24,Very Good
29.04,8.02,46.31,27.5,7.39,1.74,2.86,70.84,4.46,10.18,0.63,5.25,Very Good
29.0,8.01,46.31,27.52,7.36,2.01,3.17,66.76,4.41,10.59,0.63,5.32,Very Good
29.0,8.02,46.31,27.52,7.36,1.97,3.13,67.27,4.41,10.54,0.63,5.32,Very Good
28.66,8.0,46.31,27.66,7.13,4.09,5.53,35.31,3.97,13.69,0.66,5.86,Very Good
29.01,8.02,46.31,27.52,7.36,1.95,3.1,67.64,4.42,10.5,0.63,5.31,Very Good
29.11,8.02,46.3,27.48,7.43,1.31,2.38,77.23,4.55,9.55,0.62,5.15,Very Good
29.11,8.02,46.3,27.48,7.43,1.31,2.38,77.3,4.55,9.55,0.62,5.14,Very Good
29.17,8.02,46.3,27.45,7.47,0.96,1.98,82.61,4.63,9.02,0.61,5.05,Very Good
29.21,8.03,46.3,27.43,7.5,0.67,1.66,86.91,4.69,8.6,0.61,4.98,Very Good
28.81,8.01,46.31,27.6,7.23,3.15,4.47,49.46,4.16,12.3,0.65,5.62,Very Good
28.8,8.0,46.31,27.6,7.22,3.23,4.56,48.26,4.15,12.41,0.65,5.64,Very Good
29.1,8.02,46.3,27.48,7.42,1.38,2.46,76.2,4.54,9.66,0.62,5.16,Very Good
28.65,8.0,46.31,27.66,7.12,4.14,5.59,34.43,3.96,13.78,0.66,5.88,Very Good
29.0,8.02,46.31,27.52,7.36,1.98,3.13,67.23,4.41,10.54,0.63,5.32,Very Good
28.5,7.99,46.32,27.72,7.03,5.04,6.61,20.84,3.77,15.12,0.68,6.11,Very Good
29.19,8.02,46.3,27.44,7.49,0.82,1.82,84.75,4.66,8.81,0.61,5.02,Very Good
28.64,8.0,46.31,27.66,7.12,4.22,5.68,33.31,3.94,13.89,0.67,5.9,Very Good
28.92,8.01,46.31,27.55,7.31,2.45,3.68,60.0,4.31,11.26,0.64,5.44,Very Good
29.21,8.03,46.3,27.44,7.5,0.72,1.71,86.24,4.68,8.66,0.61,4.99,Very Good
28.72,8.0,46.31,27.63,7.17,3.7,5.09,41.11,4.05,13.12,0.66,5.77,Very Good
28.34,7.98,46.32,27.79,6.91,6.08,7.79,5.16,3.55,16.67,0.7,6.38,Very Good
28.83,8.01,46.31,27.59,7.25,3.01,4.3,51.61,4.19,12.08,0.65,5.58,Very Good
28.84,8.01,46.31,27.58,7.25,2.96,4.25,52.38,4.21,12.01,0.65,5.57,Very Good
28.59,7.99,46.31,27.69,7.08,4.53,6.04,28.51,3.87,14.36,0.67,5.98,Very Good
28.71,8.0,46.31,27.64,7.16,3.78,5.18,39.94,4.03,13.24,0.66,5.79,Very Good
29.27,8.03,46.3,27.41,7.54,0.33,1.26,92.16,4.76,8.08,0.6,4.89,Very Good
28.34,7.98,46.32,27.79,6.92,6.07,7.78,5.29,3.55,16.66,0.7,6.38,Very Good
29.12,8.02,46.3,27.47,7.44,1.23,2.29,78.47,4.57,9.43,0.62,5.12,Very Good
28.94,8.01,46.31,27.54,7.32,2.36,3.57,61.43,4.33,11.11,0.64,5.42,Very Good
29.17,8.02,46.3,27.45,7.47,0.92,1.94,83.16,4.63,8.97,0.61,5.04,Very Good
28.78,8.0,46.31,27.61,7.21,3.36,4.7,46.33,4.12,12.6,0.65,5.68,Very Good
29.07,8.02,46.3,27.49,7.41,1.56,2.66,73.57,4.5,9.92,0.62,5.21,Very Good
28.52,7.99,46.32,27.71,7.03,4.97,6.53,21.92,3.78,15.01,0.68,6.09,Very Good
28.92,8.01,46.31,27.55,7.31,2.46,3.69,59.86,4.31,11.27,0.64,5.44,Very Good
28.39,7.98,46.32,27.77,6.95,5.77,7.44,9.76,3.61,16.21,0.69,6.3,Very Good
28.35,7.98,46.32,27.78,6.92,5.98,7.68,6.63,3.57,16.52,0.69,6.36,Very Good
28.83,8.01,46.31,27.59,7.25,3.03,4.33,51.33,4.19,12.11,0.65,5.59,Very Good
28.76,8.0,46.31,27.62,7.2,3.47,4.83,44.62,4.1,12.77,0.65,5.71,Very Good
28.94,8.01,46.31,27.55,7.32,2.37,3.58,61.21,4.33,11.14,0.64,5.42,Very Good
29.03,8.02,46.31,27.51,7.38,1.83,2.96,69.47,4.44,10.32,0.63,5.28,Very Good
29.28,8.03,46.3,27.41,7.54,0.29,1.22,92.75,4.77,8.02,0.6,4.88,Very Good
28.78,8.0,46.31,27.61,7.21,3.32,4.66,46.89,4.13,12.55,0.65,5.67,Very Good
28.62,8.0,46.31,27.67,7.11,4.31,5.78,31.91,3.92,14.03,0.67,5.92,Very Good
29.1,8.02,46.3,27.48,7.42,1.4,2.48,75.91,4.53,9.68,0.62,5.17,Very Good
29.03,8.02,46.31,27.51,7.38,1.81,2.94,69.76,4.45,10.29,0.63,5.27,Very Good
28.74,8.0,46.31,27.62,7.18,3.6,4.97,42.72,4.07,12.96,0.66,5.74,Very Good
28.38,7.98,46.32,27.77,6.94,5.82,7.49,9.12,3.6,16.28,0.69,6.31,Very Good
28.33,7.98,46.32,27.79,6.91,6.14,7.86,4.17,3.53,16.77,0.7,6.4,Very Good
29.26,8.03,46.3,27.41,7.53,0.37,1.31,91.52,4.75,8.14,0.6,4.9,Very Good
29.14,8.02,46.3,27.47,7.45,1.15,2.2,79.71,4.59,9.31,0.62,5.1,Very Good
28.6,8.0,46.31,27.68,7.09,4.43,5.91,30.14,3.9,14.2,0.67,5.95,Very Good
28.89,8.01,46.31,27.56,7.29,2.66,3.91,56.89,4.27,11.56,0.64,5.49,Very Good
29.13,8.02,46.3,27.47,7.44,1.21,2.26,78.85,4.57,9.39,0.62,5.12,Very Good
28.46,7.99,46.32,27.74,6.99,5.34,6.95,16.39,3.7,15.56,0.68,6.19,Very Good
28.55,7.99,46.31,27.7,7.06,4.76,6.29,25.13,3.83,14.7,0.67,6.04,Very Good
28.85,8.01,46.31,27.58,7.26,2.92,4.2,52.99,4.21,11.95,0.65,5.56,Very Good
28.59,7.99,46.31,27.69,7.08,4.54,6.05,28.41,3.87,14.37,0.67,5.98,Very Good
28.96,8.01,46.31,27.54,7.33,2.23,3.43,63.33,4.36,10.93,0.63,5.38,Very Good
28.58,7.99,46.31,27.69,7.08,4.58,6.08,27.9,3.86,14.42,0.67,5.99,Very Good
28.35,7.98,46.32,27.78,6.92,6.02,7.72,6.02,3.56,16.58,0.7,6.37,Very Good
29.04,8.02,46.31,27.5,7.38,1.75,2.88,70.57,4.46,10.21,0.63,5.26,Very Good
28.75,8.0,46.31,27.62,7.19,3.55,4.92,43.34,4.08,12.9,0.66,5.73,Very Good
28.69,8.0,46.31,27.64,7.15,3.91,5.33,37.99,4.0,13.43,0.66,5.82,Very Good
28.88,8.01,46.31,27.57,7.28,2.72,3.98,55.9,4.25,11.66,0.64,5.51,Very Good
28.55,7.99,46.32,27.7,7.06,4.77,6.31,24.9,3.82,14.72,0.68,6.04,Very Good
28.66,8.0,46.31,27.66,7.13,4.11,5.55,34.98,3.96,13.73,0.66,5.87,Very Good
29.06,8.02,46.3,27.5,7.4,1.63,2.74,72.43,4.49,10.03,0.62,5.23,Very Good
28.31,7.98,46.32,27.79,6.9,6.21,7.94,3.15,3.52,16.87,0.7,6.42,Very Good
28.42,7.99,46.32,27.75,6.97,5.58,7.23,12.63,3.65,15.93,0.69,6.25,Very Good
28.35,7.98,46.32,27.78,6.92,6.02,7.72,6.1,3.56,16.58,0.7,6.37,Very Good
28.34,7.98,46.32,27.78,6.92,6.05,7.76,5.61,3.55,16.63,0.7,6.37,Very Good
28.44,7.99,46.32,27.74,6.99,5.41,7.03,15.28,3.69,15.67,0.69,6.21,Very Good
29.0,8.02,46.31,27.52,7.36,1.97,3.12,67.38,4.41,10.53,0.63,5.31,Very Good
28.83,8.01,46.31,27.59,7.24,3.06,4.36,50.81,4.18,12.16,0.65,5.6,Very Good
28.4,7.98,46.32,27.76,6.96,5.7,7.36,10.93,3.63,16.1,0.69,6.28,Very Good
28.79,8.0,46.31,27.6,7.22,3.27,4.6,47.62,4.14,12.48,0.65,5.65,Very Good
28.77,8.0,46.31,27.61,7.21,3.38,4.73,45.93,4.12,12.64,0.65,5.68,Very Good
29.13,8.02,46.3,27.47,7.44,1.21,2.26,78.86,4.57,9.39,0.62,5.12,Very Good
28.87,8.01,46.31,27.57,7.27,2.81,4.08,54.57,4.24,11.79,0.64,5.53,Very Good
28.9,8.01,46.31,27.56,7.29,2.59,3.84,57.86,4.28,11.47,0.64,5.48,Very Good
28.68,8.0,46.31,27.65,7.15,3.93,5.35,37.61,4.0,13.47,0.66,5.83,Very Good
28.94,8.01,46.31,27.55,7.32,2.39,3.6,60.99,4.33,11.16,0.64,5.42,Very Good
29.25,8.03,46.3,27.42,7.53,0.42,1.37,90.78,4.74,8.22,0.6,4.91,Very Good
28.67,8.0,46.31,27.65,7.14,3.99,5.42,36.72,3.99,13.55,0.66,5.84,Very Good
28.93,8.01,46.31,27.55,7.31,2.44,3.67,60.13,4.31,11.24,0.64,5.44,Very Good
28.8,8.0,46.31,27.6,7.22,3.24,4.57,48.11,4.15,12.43,0.65,5.65,Very Good
28.44,7.99,46.32,27.74,6.99,5.42,7.04,15.18,3.69,15.68,0.69,6.21,Very Good
28.64,8.0,46.31,27.66,7.12,4.2,5.65,33.62,3.94,13.86,0.67,5.89,Very Good
29.14,8.02,46.3,27.47,7.45,1.14,2.19,79.82,4.59,9.3,0.62,5.1,Very Good
29.23,8.03,46.3,27.43,7.51,0.57,1.54,88.42,4.71,8.45,0.61,4.95,Very Good
28.66,8.0,46.31,27.66,7.13,4.1,5.54,35.13,3.96,13.71,0.66,5.87,Very Good
29.27,8.03,46.3,27.41,7.54,0.3,1.24,92.53,4.77,8.04,0.6,4.88,Very Good
28.71,8.0,46.31,27.63,7.17,3.75,5.14,40.41,4.04,13.19,0.66,5.78,Very Good
29.24,8.03,46.3,27.42,7.52,0.51,1.47,89.43,4.72,8.35,0.61,4.94,Very Good
28.72,8.0,46.31,27.63,7.17,3.68,5.07,41.37,4.05,13.09,0.66,5.76,Very Good
